,Label,SMA5,SMA10,SMA21,RSI_14,WILLR_14,MACD_SIGNAL,MACD,ROC_14,Aobv,R(t-1),Vol(t-1)
2015-08-31,1.0,15.718941084166627,15.229440283512687,14.178110676225634,72.20256283072179,-10.446581400656518,-0.6070914699245927,0.3281755691623296,113.79477128117081,0.0,1.0633914984535329,0.3009090667604174
2015-09-14,1.0,18.216435800733795,16.44479540059331,14.721327388826271,70.92030186056404,-64.28030254397079,-0.2580599264441962,1.13806624747739,114.66166374694112,0.0,-0.017456414541113685,0.30080394770522245
2015-09-21,0.0,23.360274761970878,18.51785046444784,15.897388012651943,62.23729305509546,-70.12071721557743,0.5607972569238402,2.124066359139281,66.89115681909036,0.0,-0.14496812956559446,0.3064820815916707
2015-09-28,1.0,25.267656507214937,19.07889375778973,16.372439664927523,59.44562967786858,-73.001702593139,0.8870758670483453,2.1921903075463653,62.19998935139393,0.0,-0.05157371644739028,0.30719456282477986
2015-10-05,0.0,24.65557437533042,20.187257729748524,16.888090228926192,61.12881844084548,-70.41915045702842,1.1712057619964382,2.30772534178881,68.52685820932523,0.0,0.04874531608720756,0.30682841142057754
2015-10-12,0.0,23.673240799440745,20.94483830008727,17.285517768134614,55.839730148828366,-75.89191495156038,1.3744198735504138,2.1872763197663154,51.20411792312273,0.0,-0.09849643658697127,0.3096827621400211
2015-10-19,0.0,21.641650955980545,21.466150458384462,17.52612763739481,48.583709074540735,-84.66384437750278,1.4539333940332215,1.7719874759644512,5.787991552710547,0.0,-0.17512229503953114,0.3136695028847118
2015-10-26,1.0,19.972790534007622,21.66653264798925,17.67500305160132,44.87300926626166,-89.8473771383696,1.413449856071445,1.2515157042243388,-9.019119328390671,0.0,-0.12545344549714055,0.3165918818269945
2015-11-02,0.0,18.398643473469864,21.8331499903424,17.716076056113298,43.65288837225695,-91.60880916888308,1.2847678613669653,0.770039882549046,17.074150046424514,0.0,-0.04874608057956853,0.30680405591297205
2015-11-09,1.0,16.701789237922917,20.678681806626667,17.757040094581118,44.69375550907754,-90.47670949699422,1.112262412295775,0.42224061601101326,10.332589433002212,0.0,0.03293532989982828,0.3063787245859794
2015-11-16,0.0,15.343515911941457,19.5083783556911,17.784660160291658,43.567901862878514,-91.94729959071434,0.9088727121828408,0.09531391173110393,17.385674382493676,0.0,-0.04141864219258706,0.3048180121855997
2015-11-23,1.0,15.754021265588833,18.69783611078469,18.050560983130854,53.890465549093314,-81.8413041139972,0.776616289975647,0.2475906011468716,47.05162087004394,0.0,0.3565692925102746,0.31637198770755204
2015-11-30,1.0,15.869615958061122,17.921203246034374,18.138657328255587,47.24228784444345,-92.61874173304354,0.6356003400667734,0.07153654043127844,23.219724940756844,0.0,-0.1877706019754275,0.32252487406982644
2015-12-07,1.0,16.000028451411325,17.199335962440593,18.0753534379604,46.121145566769,-94.27920197725467,0.48433246099539906,-0.12073905529009821,-42.8089119136098,0.0,-0.04229939645213554,0.13635375895257226
2015-12-14,0.0,15.965679944110828,16.33373459101687,17.982345292678808,45.52306142067242,-90.60722226256604,0.3279615168509691,-0.29752225972675106,-43.11441494585321,0.0,-0.022704960332296853,0.13632040067105655
2015-12-21,0.0,17.779662501659722,16.561589206800587,18.50840373619665,59.61622674872577,-31.47884525580711,0.31336250766505375,0.25496647092139213,-15.085362953881795,0.0,0.5805636187101741,0.2127899429325336
2015-12-28,1.0,18.067195824469987,16.91060854502941,18.85866594123018,55.16104659351638,-47.65272581000792,0.34780686697727825,0.48558430422617604,-11.26357921952974,0.0,-0.10648540139937657,0.21093393944218694
2016-01-04,1.0,18.143793864487755,17.006704911274433,19.048259779564216,47.87973727873865,-78.21505748729616,0.3350580381051433,0.2840627226166035,-27.507983564273214,0.0,-0.22519600034957943,0.2196598839796094
2016-01-11,0.0,18.709404315506408,17.354716383458868,19.273919663813164,50.52233143108459,-66.73230348807289,0.32093836558711375,0.2644596755149955,-23.329097799438912,0.0,0.10920144750437122,0.22136252837241677
2016-01-25,1.0,20.968026748099255,18.466853346105044,19.90565380213946,60.415317443371336,-6.619306098699152,0.4355200797723131,0.8938469365131105,23.371978887485746,0.0,0.4506191449455961,0.24936823409243167
2016-02-01,0.0,22.025069572761414,20.0461326986157,19.765483505998663,54.864049602163085,-48.44055376389934,0.8133044340848126,1.5207202409647707,49.066228845031006,0.0,-0.15408386015338815,0.24343785141028068
2016-02-08,1.0,22.865917534573335,20.504855699530545,19.423323487608254,51.61235759490068,-60.59326381888752,0.926697146254649,1.3802679949339947,40.648931368460424,0.0,-0.10246037440422495,0.24556614698017262
2016-02-22,0.0,23.881226961764263,21.295315638635337,19.397955901859206,54.87715996753796,-48.57868093944631,1.0344786560562143,1.4656046952624742,53.78488082139902,0.0,0.1294066372158631,0.24645016564278338
2016-02-29,1.0,22.497599176918193,22.079642693686353,19.409539433309902,51.29341020744454,-63.66683140167152,1.2305580675925945,1.4970692847868854,7.422612534869069,0.0,-0.16671559431818517,0.2368084839530348
2016-03-07,1.0,21.925310922438047,21.97519024759973,19.349309725759923,49.872982053093835,-69.72100879155951,1.2346559020130774,1.2510472396950085,25.596306246491086,0.0,-0.05035811539600954,0.22995600219217766
2016-03-14,1.0,21.26657255570936,22.06624504514135,19.334019106591303,46.26009888376148,-85.57578518999141,1.152390086797321,0.823326825934295,12.931431536231045,0.0,-0.13887196706635285,0.23393631062951217
2016-03-21,0.0,19.95997938192682,21.920603171845542,19.394905627554255,45.49945105845957,-88.97332322973848,1.0082199003671775,0.43153915464660386,11.561729611406443,0.0,-0.03455819621840117,0.23416401897798983
2016-03-28,1.0,17.777785337485888,20.733209262743163,19.38187250328268,42.577963116651574,-98.80235700150052,0.7938554144804981,-0.06360252906621966,-39.20655646982044,0.0,-0.13870190580041997,0.1754872191420572
2016-04-04,1.0,16.520677817843,19.509138497380597,19.36641766662421,43.30830957800559,-95.03565327973944,0.5517512606132027,-0.41666535485597933,-29.920124214805536,0.0,0.030002389173835242,0.1742180815291983
2016-04-11,1.0,15.186892705010631,18.55610181372434,19.312018486014487,41.40061953898729,-99.14994562187347,0.28072183931062633,-0.8033958458996793,-18.414566431390583,0.0,-0.09799040689043292,0.16534809185990892
2016-04-18,0.0,14.78685708734201,18.026714821525683,19.10374192129444,44.856005285382636,-89.13808689226401,0.035475518108190746,-0.9455097667015515,-15.891853941787522,0.0,0.14349919187747573,0.16738224853827285
2016-04-25,1.0,14.227884469308572,17.093931925617696,19.004017177851267,42.86993755756742,-96.44220387399824,-0.2029731176223203,-1.1567676605443644,-47.32738827821297,0.0,-0.09155173953035356,0.10662412518696966
2016-05-02,0.0,14.029277375176658,15.903531356331275,18.912646056560142,42.1521114147018,-96.58073496136855,-0.43210504135139194,-1.3486327362676782,-50.72149916703566,0.0,-0.03599218371078827,0.10473936114325325
2016-05-09,0.0,14.18347982225664,15.352078820049822,18.942084304277973,46.425414885207466,-84.37527752016435,-0.6074279752387053,-1.3087197107879582,-32.12459664298698,0.0,0.16515109485408241,0.11336301907045004
2016-05-16,0.0,14.491049139522337,14.838970922266487,18.529015304553205,45.31845879709105,-88.05454122293693,-0.7491874414411517,-1.3162253062509368,-27.66733396813024,0.0,-0.04352046871658399,0.11119321050504903
2016-05-23,1.0,14.463004541352234,14.624930814347124,18.245601139599735,45.7816109355888,-86.83054889125637,-0.857198872087648,-1.289244594673633,-34.98572372029833,0.0,0.015136855480050171,0.10353806801315388
2016-06-06,1.0,14.745712643033333,14.48679855617095,18.19495022036212,46.14620277490552,-80.05679982328253,-0.933790455091169,-1.2401567871052528,-39.698385841927866,0.0,0.011067106047169428,0.0988093854409802
2016-06-13,1.0,14.353061422309514,14.268270622283078,17.367092560042323,43.01790049616752,-89.65598262724524,-1.0884691344265942,-1.3852946750149862,-32.4634004003452,0.0,0.010202378122861067,0.09504779837254859
2016-06-20,0.0,14.731461020760326,14.611255080141333,16.878961687959354,50.45197983911496,-41.61334264593452,-1.100865883448448,-1.1504528795358624,-2.7529592171954262,0.0,0.23995216570457467,0.11207100339798377
2016-06-27,0.0,15.557503638069203,15.010254089710722,16.705704488482542,55.24691933856858,-36.40710502785265,-1.0320808922351727,-0.7569409273820717,15.592741887204673,0.0,0.14757286528534297,0.11773232374214766
2016-07-11,1.0,17.545066519009914,16.145389581021625,16.928080930942258,64.27929054313883,-8.215228927203533,-0.8183580081794661,0.03653352804336052,76.08149997150679,0.0,0.31200850393574564,0.1326782911835564
2016-07-18,0.0,18.034141722581367,16.19360157244544,16.020785068275877,44.914491985435156,-94.03444465913086,-0.6117802444145514,-0.36978567815851804,1.46803715193723,0.0,-0.1472713257161563,0.1771594247525988
2016-07-25,1.0,17.246393906376124,15.988927463568226,15.628674718782671,44.00181707107616,-96.82572688283855,-0.617922342217374,-0.642490733428664,-15.906787000219776,0.0,-0.05230727028217452,0.17406667400359133
2016-08-01,1.0,15.835187089759822,15.696345363914512,15.25567500451154,43.12293136748366,-96.15255820502226,-0.674556132933732,-0.9010912957991639,-12.190473390485232,0.0,-0.05140487733195187,0.17272278299340002
2016-08-08,1.0,13.189446394951691,15.367256456980803,15.004955654571384,42.843180137818536,-97.45969986732976,-0.7615039342321982,-1.109295139426063,-10.410420037720947,0.0,-0.016450051874598026,0.17244117727829528
2016-08-15,1.0,12.322842074348944,15.179152369692128,14.760907619327414,42.172400427231466,-98.7558401367474,-0.8683825142637807,-1.2958968343901098,-26.03689851740537,0.0,-0.03807799179845073,0.16653924052104505
2016-08-22,1.0,11.940916988270454,14.98752935542591,14.631054508938869,42.388436498559365,-96.85759608074963,-0.9785647103249797,-1.419293494569775,-21.99074630570178,0.0,0.008803753677772086,0.1662606457005799
2016-08-29,0.0,11.663699373288432,14.455046639832279,14.472251279603013,42.08589170842759,-98.00562828867152,-1.0856820207121687,-1.5141512622609241,-24.35223867452138,0.0,-0.01559331849287271,0.16619180050661622
2016-09-12,0.0,11.931328152074443,13.88325762091713,14.48054058714578,46.789013814028834,-84.8044695154579,-1.149777952249822,-1.4061616784004354,-11.552089688571556,0.0,0.18214698158392273,0.17367759892373902
2016-09-19,1.0,13.085277149310121,12.704059611829534,14.488858257423018,53.98270500641799,-62.14762103471298,-1.1632605788717145,-1.0091042376058734,26.18992797225694,0.0,0.40092433898909796,0.20187759189761958
2016-09-26,1.0,13.88258212927251,12.911749558771481,14.596127069437879,51.12842225371173,-71.42247186169328,-1.0905212645472164,-0.7995640072492236,-6.94294182997303,0.0,-0.08561402113337135,0.19518823529161736
2016-10-03,1.0,14.131348683157388,12.897524028222909,14.459839103626999,45.87644765580048,-90.06963345780147,-1.044302308336757,-0.8594264834949197,-34.17444089526586,0.0,-0.1882439982917895,0.19792889109150924
2016-10-10,0.0,14.090388102086354,13.010858127080397,14.385145102041974,47.11828448065649,-86.1111683243323,-1.004850020249507,-0.8470408679005068,-47.358571932478576,0.0,0.04922771979832308,0.17615481924609153
2016-10-17,1.0,14.357394646130524,13.16724564848181,14.310819861302187,47.60170474897405,-74.54918188784767,-0.9657210066298416,-0.8092049521511804,-14.686901543445106,0.0,0.017518008689788367,0.14621675417993862
2016-10-24,0.0,14.133939471487258,13.60960831039869,14.343197978483477,52.46421271799325,-49.11458169673358,-0.8882431988729623,-0.578331967845445,17.94429765496116,0.0,0.17888678758832044,0.14733991076187317
2016-10-31,1.0,13.74560368675716,13.814092908014834,14.35579354641916,47.93062672100049,-73.18733770747566,-0.8251115557411092,-0.5725849832136962,6.5803724982230705,0.0,-0.1436174011339748,0.15275070581276948
2016-11-07,0.0,14.412548389015754,14.271948536086573,14.474002667128483,52.49804892077022,-48.314682874195825,-0.7348475629759765,-0.3737915919154453,31.824493621845168,0.0,0.1732748607155823,0.15705162407515036
2016-11-14,1.0,16.14264928210317,15.116518692094763,14.721142307123603,61.63756750931084,-9.495396454418437,-0.5359258036368375,0.2597612337197184,83.94981104906834,0.0,0.37245986799684583,0.18073459863916672
2016-11-21,0.0,16.43471091416265,15.396052780146587,14.51967873656253,49.59220819049723,-67.66113897525145,-0.38912532822317464,0.1980765734314769,30.397145270910137,0.0,-0.3181189851329379,0.20594712817569083
2016-11-28,1.0,15.872257609958305,15.00309854072278,13.944910142994999,46.943470826851126,-85.03147256743159,-0.3115669752986735,-0.001333563600669052,13.091520585147826,0.0,-0.12507938545434194,0.2104751727078314
2016-12-05,0.0,15.637184385098276,14.69139403592772,13.784774908338916,46.03347475461223,-93.4858230803934,-0.2909934834268502,-0.20869951593955705,9.238391195880668,0.0,-0.049132935750474616,0.2112068021654702
2016-12-12,1.0,15.240498330050826,14.826523359533292,13.808849478430735,48.61929661826875,-79.89987784408629,-0.2818913368904019,-0.24548275074460868,3.9175963708274844,0.0,0.12456684448006206,0.20848007054492615
2016-12-19,0.0,13.25835332927656,14.700501305689865,13.77160883638561,45.58902288146996,-95.23127842444995,-0.31158057017229995,-0.4303375032998922,-1.2940250546766365,0.0,-0.14268553081356583,0.2108144737533929
2017-01-09,1.0,12.710674542077355,14.57269272812,13.775747177590514,45.978346898206226,-93.38828340789546,-0.35990616472656906,-0.5532085429436453,-28.283169413160405,0.0,0.017870028029357776,0.18002575939551915
2017-01-23,1.0,12.201313904228584,13.720906117139705,13.870848744135051,45.47162010648251,-95.78336396012566,-0.5179957654096331,-0.7284066289792062,-12.583674153282113,0.0,-0.16206839867285305,0.18505971303622593
2017-01-30,1.0,11.928227196913431,12.319450869495393,13.77500885493313,45.51610556479852,-95.37388289365298,-0.640419827302491,-0.8803838293621116,-27.41779776680591,0.0,0.022305447972782888,0.17839323599549972
2017-02-06,1.0,11.760020330706194,12.081493002195925,13.705967990282396,43.94611463937686,-98.14658261714307,-0.7077220466085117,-0.9769309238325938,-21.449896962549857,0.0,-0.07320335687415336,0.1752408292359673
2017-02-13,1.0,11.189158088378418,11.934723704486284,13.418424476270703,44.60703396805076,-92.94708864984229,-0.7701466845264978,-1.0198452361984423,-31.352033147365468,0.0,0.025370185816719237,0.16811048817517626
2017-02-27,1.0,11.049014070653646,11.625163987441116,13.196189682559133,44.435720045641254,-92.72258083303385,-0.8257977617878959,-1.0484020708334878,-50.35755821711751,0.0,-0.007512352949441081,0.12652557573483483
2017-03-06,1.0,11.073008517263153,11.50061785708829,13.05658514426094,46.09067826090112,-69.31006582912012,-0.8849218367975196,-0.9713773473617895,-12.136862204965572,0.0,0.003246473183523557,0.0948119512679452
2017-03-13,0.0,11.140743490955709,11.450381910830952,12.940098667621726,44.92797792964144,-79.04547990922379,-0.9007143686350333,-0.9638844959850879,-11.2802012688157,0.0,-0.03986203227654794,0.09451230309062515
2017-03-20,1.0,11.27194413635273,11.230551112365573,12.736997015524386,46.78784349188042,-66.23254881529816,-0.900595647783222,-0.900120764375977,-16.89360185217539,0.0,0.053414246400367515,0.08878371019605329
2017-03-27,0.0,11.362317913389216,11.205665992021434,12.628740688900098,45.97369566607063,-72.38375719619587,-0.8930258257009476,-0.8627465373718497,-5.4553194704956045,0.0,-0.024689742197968934,0.08036683815143898
2017-04-03,1.0,11.636613828094443,11.35951744790099,12.479339153039437,50.77324377024747,-40.37972880477809,-0.855379520636988,-0.704794300381149,5.118664581087694,0.0,0.13170976372562793,0.08783956737657196
2017-04-10,1.0,11.825738415467097,11.449373466365126,12.028749223633303,49.536520648107945,-53.06692819257957,-0.8051080835416656,-0.6040223351603764,7.8211890726338344,0.0,-0.030370372430259196,0.08675862193801724
2017-04-17,0.0,12.189074569312499,11.664909030134103,11.929232871228836,50.90790493234318,-44.92505231812965,-0.7411186574110669,-0.48516095288867156,-7.028931297006735,0.0,0.033355663853462,0.06825478764262563
2017-04-24,0.0,13.001014336268941,12.136479236310835,12.053367664645966,59.094407623212085,-9.093076866978844,-0.6250285253646594,-0.16066799717902924,35.44414026647374,0.0,0.22073379307310326,0.07586719381068442
2017-05-01,0.0,13.684749375465477,12.523533644427348,12.1638752104161,55.81126854067329,-24.791334749794693,-0.4957390879036475,0.021418661940399986,30.789365776494275,0.0,-0.05923027112548962,0.07806467943081054
2017-05-08,0.0,13.364327676126033,12.500470752110239,12.032631854485915,45.455645802601275,-81.24481397966092,-0.4201602160982813,-0.11784472887681652,-2.734239181000452,0.0,-0.23972934193743445,0.10481203930941287
2017-05-15,1.0,13.00815748298387,12.416947949225484,11.969178784039807,44.04129647224599,-89.69476315659158,-0.39030448348195623,-0.27088155301665573,-0.3701313416329257,0.0,-0.050676959187401005,0.1037149662964911
2017-05-22,0.0,12.527494699856447,12.358284634584473,11.885618623081,43.505783947384145,-87.81866227670189,-0.3931085570033176,-0.4043248510887629,-4.740568673852106,0.0,-0.019609459341746738,0.10372794447404887
2017-06-05,1.0,11.772847472467303,12.386930904368123,11.903339521498738,48.25498525947227,-66.01514521528377,-0.39202869687129305,-0.38770925634319475,9.436199287108204,0.0,0.14019236122402146,0.11004236459036137
2017-06-12,1.0,10.544491531960087,11.954409604043061,11.638150337279129,42.63753401608446,-97.30810877980797,-0.4612297527482926,-0.6359193530967016,-14.746208066509555,0.0,-0.023517007880513474,0.11826403248609423
2017-06-19,0.0,10.540434593973945,11.774296038478905,11.607132525556063,45.52657584355495,-82.41504799755852,-0.49960710141795606,-0.6531164960966098,-3.61935575654393,0.0,0.08544985264680927,0.12012600482709963
2017-06-26,0.0,10.53642917388668,11.531961936871564,11.554238141407964,44.91928035120434,-85.43102426231756,-0.534836919403069,-0.6757561913435204,-10.301765051111264,0.0,-0.01962267098518322,0.11941021750817309
2017-07-03,1.0,10.171135214503751,10.971991343485529,11.525033541450538,43.87397554041248,-90.43302931456684,-0.5705373581830396,-0.7133391133029221,-11.084043480242665,0.0,-0.03319564174910117,0.11956172207982786
2017-07-10,0.0,10.383273153868242,10.60618947569074,11.531239863370601,47.722391228493144,-75.73985789255092,-0.5871777783682824,-0.6537394591092536,-13.507934422436085,0.0,0.1008588214104893,0.11717662002306733
2017-07-17,1.0,10.663932195584842,10.604211863772464,11.546464176548463,48.12714891276068,-74.18722725882583,-0.5879510560559671,-0.5910441668067055,-9.935277324700207,0.0,0.009681326508592658,0.11696629766768607
2017-07-24,1.0,10.476120930132526,10.508277762053234,11.462775349942964,43.076986922958326,-96.01774669783264,-0.601442787498249,-0.6554097132673764,-24.59283935281636,0.0,-0.13481755969204479,0.12171447708458384
2017-07-31,0.0,10.273687369582415,10.405058271734548,11.36392358243636,42.18707651555755,-99.18772763867126,-0.6253163962579908,-0.7208108312969586,-40.024796170491555,0.0,-0.029087457573397035,0.10144705554081064
2017-08-07,0.0,10.302873181667016,10.237004198085383,11.325540610667517,45.678751303795444,-82.37395358500724,-0.6400529277924579,-0.6989990539303257,-30.73065849226545,0.0,0.08655736818829585,0.1056953925375111
2017-08-14,0.0,10.097953501522424,10.240613327695332,11.2517182836491,45.11486351121398,-84.48415483347276,-0.6493231263607382,-0.6864039206338592,-10.283350613639724,0.0,-0.015308438286215753,0.08482436827224588
2017-08-21,0.0,10.858518335107764,10.761225265346303,11.426511896005259,61.3487841742542,-27.424731027421036,-0.5744724509590928,-0.27506974935251094,40.923962543116936,0.0,0.4911654142216735,0.1558943796255911
2017-08-28,1.0,11.79018741603215,11.133154173082337,11.499340489928134,58.872756147856045,-35.19807936055971,-0.45990582410266295,-0.001639316676943281,37.49130415377824,0.0,-0.04349003829714748,0.15665918623002423
2017-09-11,0.0,12.227183279490303,11.250435324536358,11.459505692918075,49.73343253266129,-68.0635208719246,-0.36935293868450036,-0.007141397011849904,-2.594757292553075,0.0,-0.19223463358827364,0.16412227687952796
2017-09-18,0.0,12.619413028954668,11.358683265238547,11.160860829526653,51.03805739251881,-63.69866407272957,-0.26801774596161426,-0.06576287251348134,22.155462946169703,0.0,0.16272195540648648,0.165491985161071
2017-09-25,1.0,11.691418850010113,11.274968592558938,10.951909389944458,46.621328655978246,-82.7830528011149,-0.24514464875340783,-0.15365225992058207,-2.536566798812664,0.0,-0.13395875505543142,0.16970544636093657
2017-10-02,0.0,10.757999996641912,11.27409370633703,10.878786280527153,44.848045761068676,-90.88000324197711,-0.25109547078583866,-0.2748987589155618,-7.109948495829418,0.0,-0.06562597279203886,0.1707600305609519
2017-10-09,1.0,10.347931932076518,11.28755760578341,10.826118656987754,44.47776883769478,-92.52561382723307,-0.27642891371412304,-0.37776268542726044,-5.292014199262287,0.0,-0.014274489564618076,0.17049666318435075
2017-10-16,1.0,10.2215406728651,11.231053461091113,10.788763861384965,44.87965485654941,-91.17618421724836,-0.31014842214176597,-0.4450264558523376,-12.94739517608986,0.0,0.011874839665487968,0.16840709678641924
2017-10-23,1.0,9.755886857838414,11.18764994339654,10.680632111757872,44.801892609420044,-91.47665483201818,-0.34705143554405615,-0.4946634891532167,-14.007393112483978,0.0,-0.002613080128402223,0.16839298181946796
2017-10-30,1.0,9.67469799487254,10.683058422441327,10.677050389315719,46.090936410632516,-87.62627197477065,-0.378075358706583,-0.5021710513566902,2.72936432271421,0.0,0.03357306323171816,0.16393259653479547
2017-11-06,1.0,9.704777484993823,10.231388740817868,10.678854364582804,45.65573810794229,-89.08564921400628,-0.40487790157751247,-0.5120880730612303,4.504371018339808,0.0,-0.012311570026188323,0.1636654584903602
2017-11-13,1.0,9.640848881256826,9.994390406666671,10.611931582531298,43.45928637246492,-98.38395943996703,-0.436406550024861,-0.562521143814255,-9.779448421474012,0.0,-0.061954977342947304,0.16340018300555323
2017-11-20,0.0,9.930923506017898,10.0762320894415,10.644595845225732,51.27794488939197,-75.44005880678685,-0.43820588602620947,-0.4454032300316033,10.36677806261438,0.0,0.20457293987173308,0.17183404835644656
2017-11-27,1.0,10.28777014635076,10.021828502094587,10.708402333626205,52.43894172024265,-66.63893363789953,-0.41535364329151375,-0.32394467235273083,-23.925827436836567,0.0,0.02783805990388899,0.105818048581075
2017-12-04,1.0,10.268106772587558,9.971402383730048,10.64962982234413,46.419410214431466,-82.87492296260085,-0.40218760070184156,-0.3495234303431527,-31.35209492639259,0.0,-0.13686336846557734,0.11063962011571273
2017-12-11,0.0,10.560658265979649,10.132717875486737,10.654265333724425,51.90365495694695,-57.40323372711287,-0.3719117253435047,-0.2508082239101572,-2.5853317861118774,0.0,0.14625777843176757,0.10724119643753707
2017-12-18,1.0,10.668451858602882,10.154650369929852,10.657724660738525,46.45228740345465,-84.0147124019716,-0.3560895268236347,-0.29280073274415486,-5.1192289641283555,0.0,-0.1358441735741358,0.10932007184076865
2018-01-08,1.0,10.341073209014972,10.135998357516435,10.660640092709672,45.469402756509986,-89.10052204896925,-0.35401493227463154,-0.3457165540786189,-20.84927188809647,0.0,-0.03004277518649523,0.09914075479349946
2018-01-22,0.0,9.87251401608674,10.216586141033194,10.419502400624182,45.69390648456443,-90.25285803788054,-0.3324490610650186,-0.31881651325088534,-1.4671580388065428,0.0,-0.14099620375907485,0.10400927895599892
2018-01-29,1.0,10.281489705961288,10.31128145748813,10.197379718059906,52.48486304580377,-59.49719812401608,-0.30054846066474344,-0.19814378548078437,16.047894829351062,0.0,0.10613020101894577,0.10879390598060452
2018-02-05,1.0,10.527630300134987,10.28031732733385,10.23630595831277,52.20677810294668,-60.67933105485071,-0.264591979675348,-0.12076605571776611,11.59350643464275,0.0,-0.0060996586622257265,0.1088221792213157
2018-02-12,0.0,11.6841034970184,10.967391623109803,10.463300468949488,67.51686546353956,-12.750633053209759,-0.1337540467001121,0.3895976852008314,70.26060488516181,0.0,0.5069374096951265,0.17044825841630357
2018-02-26,0.0,15.38004261890303,12.626278317494885,11.297746155122494,80.71980077841413,-54.09215701263781,0.2280013206523512,1.6750227900622043,202.70856354897268,0.0,0.6677625546103443,0.23339254041774884
2018-03-05,0.0,18.557851559927236,14.419670632944264,12.152122486595792,55.969220058500866,-80.63432945112527,0.8873180673999113,2.061026925370026,47.900295973925175,0.0,-0.16855664265890924,0.25926775776151834
2018-03-12,1.0,20.20548373555699,15.366557017845986,12.613435258953691,59.151598851178015,-74.8895877458283,1.1573201195654166,2.237328328227438,96.45458159813673,0.0,0.14649632506492605,0.2541955030072346
2018-03-19,1.0,19.882592125017187,15.78334781101779,12.87442077065872,52.189628024273965,-85.12176306787043,1.3283280151803663,2.012359597640165,33.8557812482697,0.0,-0.2189887902041907,0.26480589773908647
2018-03-26,0.0,17.45597119806154,16.418006908482287,13.150430251119875,53.08638692425524,-83.5786619270608,1.43547885030153,1.8640821907861849,61.44765789533414,0.0,0.042285457766630064,0.25948845831050654
2018-04-02,1.0,18.198455640064047,17.808077476404392,13.825316451887153,62.80340009974263,-63.62210182897988,1.625405738725666,2.3851132924222096,153.78050817305407,0.0,0.524681377408885,0.2855128930313583
2018-04-09,1.0,18.898953679660856,18.728402619794046,14.356433152882465,57.19698029881608,-72.5018747804836,1.795685400323377,2.4768040467142214,106.54802181440147,0.0,-0.15122043183845346,0.2931592051515467
2018-04-16,0.0,19.309966984554116,19.757725360055552,14.846540849081364,58.325771633678464,-70.02730881635925,1.9569358213637615,2.6019375055252993,95.69397554362804,0.0,0.050196624771005505,0.29324588063818846
2018-04-23,0.0,19.85013061743716,19.866361371227175,15.15117326377453,53.03951046439512,-79.24859536591309,2.0423962152675816,2.384237790882862,89.60200316985667,0.0,-0.16773707496437051,0.294898929787108
2018-04-30,1.0,20.097498510673205,18.776734854367373,15.490761617330744,51.87372058989628,-83.26224295720888,2.058043557886667,2.1206329283630083,68.2543217378072,0.0,-0.04640540757431777,0.29686773259046434
2018-05-07,0.0,18.412516808939237,18.305486224501642,15.694806581163247,49.861745503780924,-87.72941882606847,2.0019641215090136,1.7776463759983976,39.49207929621888,0.0,-0.08295727492266547,0.29950280691109593
2018-05-14,1.0,17.31010459456083,18.10452913711084,15.937779042396263,48.82686110982675,-91.1818480431947,1.8879086611828406,1.4316868198781485,33.90579848435227,0.0,-0.04590268141258913,0.3003545247053844
2018-05-21,0.0,15.606510960312116,17.458238972433115,16.10021650415211,45.97272118399431,-96.28438015181356,1.7075378420984375,0.9860545657608242,-23.014943930181246,0.0,-0.13363228260318072,0.2740139648706582
2018-06-04,0.0,14.720880157085563,17.28550538726136,16.267334169144256,46.822295921877384,-89.34359216404904,1.4991985413650197,0.6658413384313473,-52.03234325912139,0.0,0.039145333248676195,0.1993029048133202
2018-06-11,1.0,13.549481554820861,15.980999181880048,16.570275042766607,47.00532596844019,-86.35126367672547,1.0625539134261162,0.19785403904201715,-20.277240267753918,0.0,0.015415450186829105,0.1820356061358313
2018-06-18,1.0,13.04052601763912,15.175315306099975,16.675833935242878,45.03251217750922,-93.94256734832769,0.8398506850871785,-0.05096222826857222,-36.34432462010681,0.0,-0.08456508357607395,0.1778907263083624
2018-06-25,1.0,12.870242985560328,14.238376972936223,16.716586332628072,44.51794452109711,-95.9341315882589,0.6181794016379512,-0.26850573215895857,-20.42125102291502,0.0,-0.023623665262972326,0.16842831388750373
2018-07-02,0.0,12.916991781227868,13.818935969156716,16.836229759880656,48.01496681823881,-85.04700174607814,0.4327126088363626,-0.30915456236999184,-13.55119377180895,0.0,0.13226627373690825,0.17206146196861033
2018-07-09,0.0,13.439971670979451,13.706992880299818,16.795333644564085,52.572806121995974,-69.01729219026822,0.31455950055834553,-0.15805293255372277,-33.92303237298786,0.0,0.1653870818137646,0.09942870732441973
2018-07-16,1.0,13.474320205555,13.511900880187929,16.116531611017074,48.05571558590622,-84.67329139140514,0.20834986510671427,-0.21648867669981087,-33.14915251564477,0.0,-0.14127970007194202,0.09848544156372024
2018-07-23,0.0,13.477643982336193,13.259084999987659,15.737725523240846,45.620904188476956,-91.50617423002058,0.09411350822571257,-0.3628319192982943,-42.38509336415706,0.0,-0.0948958350958975,0.09772798631879208
2018-07-30,1.0,13.636934782995073,13.2535888842777,15.544939480977556,46.722081447764204,-83.49887137810263,-0.011574623411682111,-0.43432714996126087,-28.02385421508573,0.0,0.03971491271110028,0.09144683725841214
2018-08-06,0.0,13.518670011691805,13.217830896459835,15.24413125419847,47.19494642898386,-81.11361709713317,-0.10313308237973036,-0.46936691825192334,-23.337328851417027,0.0,0.015685236420639903,0.0915404902595716
2018-08-13,1.0,12.703347922978788,13.071659796979116,15.085989786935894,44.573558416364136,-92.43539673533172,-0.2005211663178305,-0.590073502070231,-24.34567771805086,0.0,-0.09501919474143006,0.09228368279235265
2018-08-20,0.0,12.586516484860406,13.030418345207702,14.957137631683473,47.74301184260977,-70.59753349313233,-0.27600509875803686,-0.5779408285188623,-12.264113004286274,0.0,0.10646123052338985,0.09730779645408065
2018-08-27,1.0,12.658308669386532,13.067976325861363,14.41864291117477,46.93945755924982,-74.33316678897887,-0.33873244272032144,-0.5896418185694596,-1.4400180281764525,0.0,-0.02674732619079745,0.09037825749923377
2018-09-10,0.0,12.508093062989404,13.072513922992238,14.023306000817689,45.47085655266692,-80.9896498757674,-0.39930865273015104,-0.6416134927694692,-9.797563245994825,0.0,-0.04897059308127738,0.09071401657532442
2018-09-17,1.0,13.043764516941305,12.873556219960046,13.465426429674975,52.58887450835718,-52.89227023032845,-0.4422497296097275,-0.43975978084916534,9.219018185802815,0.0,0.1482336745824684,0.10028776283994655
2018-09-24,1.0,12.903072662849798,12.7447945738551,13.244179096487423,46.58542132848225,-78.14012821073864,-0.45052541757495945,-0.48362816943588705,0.1668378316842174,0.0,-0.1604372357302858,0.10762597719672427
2018-10-01,0.0,12.716037549691809,12.68717310953917,13.062338325639665,45.215932981655286,-84.36025802053496,-0.472173116950776,-0.5587639144540422,-2.239450782725058,0.0,-0.04707896552516355,0.10829465651083157
2018-10-08,1.0,12.721422974387718,12.61475801868856,12.930762757919329,46.217625602431774,-80.70093326082375,-0.49454612065496106,-0.584038135471701,-11.149903859359908,0.0,0.02906507874396813,0.10222115940264298
2018-10-15,0.0,13.076011762298318,12.769429535098597,13.011364855467745,52.93026231884542,-45.2101869673858,-0.4756383054089311,-0.40000704442481094,-8.1635276175552,0.0,0.20455737475442537,0.1075955478712458
2018-10-22,0.0,14.271882531964565,13.657823524452933,13.358522233217597,64.6564229914898,-44.10121758146628,-0.3334229772424785,0.23543833542333203,51.7746867707302,0.0,0.4191747697199484,0.14797390415467054
2018-10-29,1.0,15.800260014236155,14.351666338542975,13.67899955472932,62.746525101796806,-47.83147693838148,-0.1316598417743722,0.6753927000980529,62.06824144562156,0.0,-0.0335105052616409,0.14456235904677217
2018-11-05,1.0,18.202626788320458,15.459332169006132,14.170230047901477,68.27244184697025,-27.408287808778653,0.15761450023040752,1.3147118682495265,85.46805745183406,0.0,0.1898315391355201,0.14972197567695814
2018-11-12,1.0,19.770074300107318,16.245748637247516,14.533036158506993,58.775700512382514,-48.06580497476379,0.4250574779322332,1.4948293887395359,53.13609117501795,0.0,-0.16137544595772813,0.16034423305633322
2018-11-19,1.0,20.38059316342669,16.728302462862505,14.799543469245453,53.90364209022738,-60.52983950127629,0.6269276213414288,1.4344081949782108,49.56808566722875,0.0,-0.1161048609147668,0.16181988398324926
2018-11-26,0.0,19.867020496917668,17.069451514441116,15.013290975048502,54.743319700896016,-60.992933518614514,0.7833562003826607,1.4090705165475885,38.86745871220031,0.0,0.027301102109533293,0.16070699342198547
2018-12-03,0.0,20.111778442723914,17.956019228480034,15.26752497657324,59.82477741912086,-43.409860589475294,0.9507670966491537,1.620410681715125,67.13262238167114,0.0,0.17134909158825407,0.1635869424815674
2018-12-10,0.0,19.035323926688612,18.61897535750454,15.49427855293329,53.90256015170766,-59.38627860944472,1.069187156438649,1.5428673955966303,52.38001751011476,0.0,-0.13291686797106317,0.16889593562732516
2018-12-17,1.0,19.60316535727694,19.686619828692127,15.99149362873098,60.46913247101528,-34.49232514134347,1.2182667285925646,1.814585017208227,78.0585055160133,0.0,0.23885471550037596,0.17687766084464807
2018-12-24,1.0,20.429474621264255,20.40503389234547,16.416814859309543,58.38605361200164,-40.2818624151812,1.359689168629198,1.9253789287757321,48.118284632793305,0.0,-0.04483977474769407,0.17661746975087383
2018-12-31,0.0,22.671775384064368,21.269397940491015,17.192601777994348,67.35757190583085,-10.180022170740322,1.6064257279148473,2.593371965057443,137.7808878334573,0.0,0.3477875467899245,0.183951097114021
2019-01-07,1.0,24.12076514635761,22.11627179454076,17.985957648806295,65.61055181242672,-31.268658037604922,1.8887412423830805,3.0180033002560123,142.14385997366307,0.0,-0.029594095470587334,0.1830938698853396
2019-01-14,1.0,24.858919049790988,21.947121488239798,18.416279163631046,54.439260919077064,-56.91454952117516,2.072616438924275,2.8081172250890525,82.5844867827927,0.0,-0.22405086261944573,0.20013519513595143
2019-01-28,1.0,24.01988788722587,21.811526622251407,18.69663153774035,49.45973646852088,-82.43933902859665,2.124623553216823,2.332652010387015,27.54709472275251,0.0,-0.15853862349453407,0.2036215352461268
2019-02-04,0.0,20.879606703574325,21.775691043819343,19.196592110298027,47.931236504971565,-93.6401922569434,1.9540075546112277,1.4684800945713974,-12.523571959122517,0.0,-0.02294210119907303,0.17126401521314322
2019-02-11,1.0,18.446649765360625,21.28370745585912,19.272358898429943,46.18317429562438,-99.61673221397038,1.7702357306371943,1.0351484347410604,-31.514178130803263,0.0,-0.06847372865397561,0.16336588010619899
2019-02-25,1.0,17.18876132052025,21.023840185155617,19.436681224981154,45.44424222772614,-97.17887658373179,1.5450593953997174,0.6443540544498099,-20.820758472560712,0.0,-0.030432076259860774,0.15800463172063364
2019-03-04,1.0,15.630429782903258,19.43862536832375,19.666275501992963,42.18129662212336,-100.05802640379022,1.0046897417280742,-0.1356602701740215,-24.518038215767675,0.0,-0.08936923378065043,0.15689445188789708
2019-03-11,0.0,14.8532604074409,17.866433555507612,19.61974654961769,42.06236146040798,-99.39466133697664,0.7123716219119869,-0.4569008573523625,-35.91599587178236,0.0,-0.0055274366675750475,0.1481065192038998
2019-03-18,1.0,14.761798452771359,16.604224109065992,19.389005546241084,46.83809075244599,-89.37583503396971,0.46484334034839775,-0.5252697859059587,-13.939420205188833,0.0,0.16443530780957372,0.15222592791995587
2019-03-25,0.0,14.239911195664064,15.714336258092155,19.06516960151161,42.37787609040841,-97.6316402278182,0.21507031860759954,-0.7840217683555935,-42.163132190999995,0.0,-0.16742977347136556,0.141392890784648
2019-04-01,0.0,14.473025516411647,15.473772131005635,18.703507710121063,48.36929187144382,-84.19750221910377,0.02428482645659913,-0.7388571421474026,-25.66890610545999,0.0,0.22755790687045319,0.15702524257040906
2019-04-08,1.0,14.53171241877437,15.081071100838816,18.419046482627977,44.6750354769525,-93.4911364474025,-0.15487518146882612,-0.871515213170527,-52.3993612819119,0.0,-0.1368948750504262,0.12141116543664815
2019-04-15,1.0,14.401906254965152,14.627583331203027,18.196249666650655,43.04578264759132,-96.28013642535028,-0.33324425578490763,-1.0467205530492336,-54.52783238338714,0.0,-0.07298596961590031,0.12154556052525871
2019-04-22,1.0,13.65953266691945,14.210665559845404,17.911032253384366,41.709898700743075,-99.03302396081969,-0.5142517440270798,-1.2382816969957684,-45.160594073534895,0.0,-0.06420582185845847,0.11075976662172601
2019-04-29,1.0,13.444985068869354,13.842448132266707,17.477837845831953,41.69635312186344,-91.29329234498684,-0.6863808792528041,-1.3748974201557012,-34.871838196118354,0.0,-0.000666915424816672,0.10528370706799736
2019-05-06,1.0,12.746798757081294,13.60991213674647,17.20623981259551,43.119601310029964,-85.98542375309405,-0.8331472428250478,-1.4202126971140228,-29.125245234040793,0.0,0.04774582328857324,0.10697637002449381
2019-05-13,1.0,12.5274946207796,13.529603519776987,16.734362973938136,43.58795203819618,-81.60266614139877,-0.9515153362537536,-1.4249877099685762,-26.417097484062705,0.0,0.01439160329096234,0.10734025410695196
2019-05-20,1.0,13.087956190264276,13.744931222614714,16.448269087841137,50.520926780187324,-62.50886707950962,-0.9977472152723801,-1.1826747313468857,-3.2993954330858286,0.0,0.22418592538686122,0.12369542904739313
2019-06-03,1.0,13.855744596708206,13.757638631813828,15.811977304013851,50.985949830673086,-60.82112408094269,-0.9907730888862203,-0.9628765833415809,1.0450536709908829,0.0,0.013127511774768452,0.12329950524779547
2019-06-10,0.0,15.762455993287947,14.25462737518462,15.040415275332883,56.65751486780333,-40.42084500495518,-0.8464707490644514,-0.43305684979826253,35.01298361040683,0.0,0.1624092069887655,0.12493067203253887
2019-06-17,1.0,16.49366344979739,14.510579035288496,14.942404774550399,51.689011229318425,-56.173970363117185,-0.7382451381248106,-0.3053426943662476,21.56725548805345,0.0,-0.10456537623561046,0.12972700947467125
2019-06-24,0.0,16.427127855644493,14.757542022954386,14.824532635912627,49.02793742956196,-65.22769435666413,-0.6486311624102015,-0.2901752595517646,-2.6065567763636963,0.0,-0.06711421933931916,0.12477912130529951
2019-07-01,0.0,16.31952719712125,15.087635896914728,14.72624408819169,49.03096861563394,-65.21798277225493,-0.5738829912380294,-0.27489030654934155,16.98828036262447,0.0,7.717007244600893e-05,0.11458354147026013
2019-07-08,1.0,16.170017001864515,15.389644711919022,14.671141301098569,48.27922493730463,-67.57919221809034,-0.5156723883388411,-0.28282997674208765,-6.486330936927077,0.0,-0.018761165622566245,0.09738715849941806
2019-07-15,1.0,15.174637668253771,15.468546830770858,14.560862024793241,44.110296652102605,-81.09478078011179,-0.4960884600609349,-0.41775274694930964,-3.5119733569177947,0.0,-0.10944238284838126,0.09466997889204826
2019-07-22,0.0,14.371989963217672,15.43282670650753,14.441802683507078,41.842399644020695,-88.97236199366118,-0.5159894986513176,-0.5955936530128483,-3.3706057213471814,0.0,-0.07162777227084582,0.09458857861926463
2019-07-29,1.0,14.144384004985492,15.285755930314991,14.470712212598874,47.20255536279991,-74.52829947732356,-0.5302220240559647,-0.5871521256745531,17.867034464027782,0.0,0.14146720539479496,0.09945062794493448
2019-08-05,1.0,13.537063975541637,14.92829558633144,14.412863985358532,42.6571705476168,-94.77308966060066,-0.5692186817342381,-0.725205312447331,2.253003128363074,0.0,-0.13305014003275828,0.10716787411706867
2019-08-12,1.0,13.93533236343573,15.052674682650125,14.474363660780563,54.454188984717696,-54.004918383777536,-0.5447870473212603,-0.44706050966934896,35.00227573080557,0.0,0.38331458445124933,0.1471294116137556
2019-08-19,0.0,14.821104516563594,14.997871092408683,14.69924138691218,56.06402419255962,-53.03964161826256,-0.4681347386577433,-0.16152550400367538,39.18586431440278,0.0,0.04582660768516278,0.14710167828259493
2019-08-26,0.0,16.005149440330992,15.188569701774332,14.806594093964065,57.161429730005686,-48.999167247894704,-0.35328753032835564,0.10610130298919529,17.049568497960898,0.0,0.02948984822291001,0.13644578790464862
2019-09-09,1.0,17.09883059237158,15.621607298678537,15.081930825360116,59.854776920487524,-38.92151734349376,-0.1987266358469013,0.419516942078916,23.78726282778129,0.0,0.07144591122780719,0.13714075341410614
2019-09-16,1.0,18.094642545699127,16.01498745456743,15.530342203347153,48.35971213094224,-72.143597154509,0.060579621504539174,0.45376913798196483,-16.501658413045305,0.0,-0.1921187833033836,0.14235710010459787
2019-09-23,0.0,17.297409858730145,16.05925718764687,15.61648538449808,45.11307885029859,-83.57484714449046,0.09047133622683609,0.21003819511602373,-15.791554674355277,0.0,-0.09695023727592933,0.14195826238573572
2019-09-30,0.0,16.65122745788332,16.328188449107156,15.736219975107407,48.32450991903984,-73.74892066343297,0.09617938530890482,0.11901158163717973,-1.4033971988360534,0.0,0.09228199640735602,0.14286972860323635
2019-10-07,1.0,16.10998465410451,16.604407623238046,15.934904642818427,52.60867557850475,-59.65192707595477,0.11557152324447542,0.19314007498675778,10.53887720541191,0.0,0.12120909197562058,0.14600670245284011
2019-10-14,0.0,15.707156180104835,17.07191449633694,15.997141734750068,52.644275437467996,-59.53323111010616,0.14250781707113877,0.2502529923777921,12.754908111633716,0.0,0.0009102444581123859,0.14573730323193151
2019-10-21,0.0,15.772951112261003,16.933796828980064,15.986819945145438,49.256849587001874,-69.623552744876,0.1514202708636403,0.18707008603364628,16.82332359909003,0.0,-0.07730933903884074,0.14382053305686068
2019-10-28,1.0,15.871447727177856,16.584428792954004,15.917003314308639,46.03864049573486,-79.80227932422405,0.1270237617437271,0.029437725264074288,15.200890644366543,0.0,-0.08452093136026562,0.14449239918806805
2019-11-04,1.0,15.398652000239895,16.024939729061607,15.649599976762632,42.497186647781994,-91.85770487405158,0.05763090929974056,-0.2199405004762056,-10.112113532405116,0.0,-0.10934651641056903,0.14370293042561771
2019-11-11,1.0,14.464119447930134,15.287052051017323,15.451679880469081,41.47454907815889,-98.05802242907512,-0.043931771190942756,-0.450182493153676,-0.10586988273003824,0.0,-0.036542013389784356,0.13900519620517923
2019-11-18,1.0,13.475873665683764,14.5915149228943,15.2944621657118,40.901885962533925,-99.53118386695205,-0.16427126690642269,-0.6456292497683425,-29.2661470359942,0.0,-0.020491291083144736,0.08751966921409665
2019-11-25,0.0,12.742561865273311,14.257756488767157,15.13516153280069,40.7998746953876,-99.00780350742497,-0.29037581165701215,-0.79479399065937,-32.60351372363985,0.0,-0.003517613437897138,0.08560519290605238
2019-12-02,1.0,12.326566788837246,14.09900725800755,15.001896120730718,41.74783143880527,-96.10007950192625,-0.40870797478929277,-0.8820366273184153,-33.13392390830143,0.0,0.02138776559705846,0.08524042482909537
2019-12-09,1.0,12.280893176108208,13.839772588174052,14.96061319291845,42.81066375472174,-89.28562373011655,-0.5106008738279555,-0.9181724699826059,-36.18432596872219,0.0,0.022567002724837915,0.08192971655254147
2019-12-16,0.0,12.514927185708425,13.489523316819279,15.009522076300213,46.34014021015877,-79.74935905566076,-0.5808452723066033,-0.8618228662211944,-29.036267650823188,0.0,0.07387636628234384,0.0863083901847513
2019-12-23,1.0,12.638736027521869,13.057304846602815,14.935974552029986,43.82191559882515,-87.82707434566088,-0.6390773065020204,-0.8720054432836886,-17.385409593993074,0.0,-0.059480475382976294,0.07215276015240829
2019-12-30,1.0,12.733814054804915,12.738187960039111,14.943911551672901,43.23604542702551,-89.69742123130501,-0.6882418420840504,-0.8848999844121703,-9.855646958836164,0.0,-0.014643342965495076,0.06784760020989379
2020-01-06,0.0,12.939919391551792,12.633243090194519,14.764893032186922,46.59313615273784,-81.53172066966542,-0.7146068684030515,-0.8200669736790562,-12.11700246599983,0.0,0.06488107971517487,0.0651593560128336
2020-01-13,0.0,13.212768989984216,12.746831083046212,14.577676162780502,49.035042424846445,-75.38878940725384,-0.7139134534017664,-0.7111397933966259,-18.024984578969704,0.0,0.04583520344014547,0.05623461119166768
2020-01-27,1.0,13.04768613423376,12.781306659971092,14.305364146277062,44.52025613578141,-86.58492183618338,-0.7147647795553665,-0.7181700841697669,-25.49193005613652,0.0,-0.09026073226596243,0.059720713614790734
2020-02-03,0.0,13.295484411550868,13.014649233177892,13.71981907524,51.30754688983637,-56.469546498785014,-0.7004082416510179,-0.6081052051932563,-0.4504340777188106,0.0,0.17848599996655623,0.07439053070329113
2020-02-10,0.0,14.3075723078068,13.623745849679295,13.863209642212556,62.64368346489599,-18.697870435568433,-0.591989992883287,-0.15831699781236352,43.56750598178713,0.0,0.2844747051207941,0.09927459372495337
2020-02-24,1.0,14.667445967038919,13.940107478511568,13.9514942838064,53.86475961945613,-49.9207626180819,-0.476686091150885,-0.015470484221276948,27.559637388015204,0.0,-0.14396819412481043,0.10855650229160058
2020-03-02,0.0,15.827162619633526,14.381565789665865,13.877478440805138,55.75804350682543,-37.94109087977279,-0.28371417278440786,0.14906788958239225,39.12092327925819,0.0,0.20818398965461427,0.1253304919488597
2020-03-09,1.0,20.53196088611341,16.91372264883214,14.86858210048014,78.77739344380687,-30.62080830583007,0.17047154437121825,1.9872144129937226,207.42651305506067,0.0,1.2570413698614264,0.35070398056336366
2020-03-16,1.0,25.160166215531078,19.733869261668936,16.09826085727686,80.67430603718296,-30.109275659906753,0.8762368434255734,3.6992980396429935,229.97302950103924,0.0,0.09756158765812017,0.3496892883135561
2020-03-23,0.0,33.26021713732672,23.963831552182818,18.091677476698987,86.03050389693846,-32.37364732901409,1.935378022470979,6.1719427386526,316.0697767077213,0.0,0.3540727877257821,0.3545632917343938
2020-03-30,0.0,43.502692775297156,29.203643348911363,20.58093729858647,88.15492293804648,-27.632243556421223,3.2970956478728364,8.743966149480265,411.8925556976732,0.0,0.15712548733856257,0.3496767848282356
2020-04-06,0.0,53.247960383971304,34.537561501802415,23.1117262827197,88.24286528912994,-27.084811294108047,4.776004808836527,10.691641452691286,422.72160911618533,0.0,0.00620181244171758,0.3489203038255533
2020-04-13,0.0,55.39949938046944,37.96573013329142,24.85039774685768,66.12574745961724,-50.03067211295325,5.970524187326566,10.748601701286724,264.3075467253951,0.0,-0.25783781091189417,0.3660222865411489
2020-04-20,1.0,55.55892090068157,40.359543558106324,26.29263205618359,60.104521919012406,-58.53778548430626,6.810568824902819,10.170747375207831,203.42569364347887,0.0,-0.12894126159897557,0.37234325058904705
2020-04-27,0.0,52.01921917752752,42.639718157427126,27.542308997815717,56.74349537210554,-63.67631782614611,7.308474791908894,9.300098659933191,203.708391398181,0.0,-0.08941314007538492,0.37230548778421824
2020-05-04,0.0,46.237421610945,44.87005719312108,28.66582502116666,54.68075550986563,-67.31120398573371,7.511340013666024,8.322800900694546,197.62582600437133,0.0,-0.06150925173820487,0.37300653854878985
2020-05-11,0.0,40.55660297304386,46.902281678507585,29.788315755894804,55.350439847358174,-67.25130306915943,7.516021034757979,7.534745119125795,158.89087609678737,0.0,0.025110210007982303,0.37354998240160087
2020-05-18,0.0,36.607119793993014,46.00330958723123,30.557155786493666,48.37641616448927,-78.69335745825515,7.247789525999557,6.1748634909658655,56.829078713017324,0.0,-0.22190002339457315,0.38017956946729664
2020-06-01,1.0,34.45821824486728,45.00856957277442,31.46510924429367,50.603727854362596,-74.89108000086908,6.849681809858565,5.257250945294594,100.56668058748225,0.0,0.09476800597594659,0.37480535375071433
2020-06-08,1.0,30.72981815134125,38.48361988114313,32.83655101196595,47.33866468400904,-89.85300329488211,5.722225823380148,3.3075325583873045,64.6058427275492,0.0,-0.031148512007558415,0.37388215960879523
2020-06-15,0.0,28.27499280783753,34.41579789044069,33.413864963895705,45.026239727058154,-98.41739162925587,5.0426242782472634,2.3242180977157254,-34.43187111573021,0.0,-0.10094333843816494,0.1592077635800852
2020-06-22,0.0,29.50249406726663,33.05480693062982,34.50156652639091,53.88875786494102,-81.89734751892792,4.501993323769913,2.3394695058605066,-15.754405424292784,0.0,0.4102084367684069,0.19467468524691617
2020-06-29,0.0,30.204763645221156,32.33149094504422,35.49112810945327,53.974323273114905,-81.72044954039372,4.068285552773309,2.333454468786897,-37.58976238191861,0.0,0.003114819947064529,0.16673477215657279
2020-07-06,1.0,31.459568768587566,31.952592271227378,36.27033110331481,53.63833920196284,-79.34961738724805,3.709606586309925,2.274890720456387,-46.5893756043927,0.0,-0.00973306397220608,0.15880074996206625
2020-07-13,1.0,31.61170144140599,31.17075979637362,36.87089755348192,47.65426578776735,-89.68562151942815,3.3061797777457356,1.6924725434889751,-56.69137241755253,0.0,-0.18410952762787824,0.1632805644395453
2020-07-20,0.0,32.12681435445133,30.200903581144434,37.514393638163746,46.80071559196062,-85.15941015823397,2.8728166624714,1.1393642013740575,-43.644229214910276,0.0,-0.03425426876004278,0.15152795407496392
2020-07-27,0.0,30.296127100452992,29.89931058385981,37.946558069443164,45.405170818626246,-91.63010829203797,2.4121588306856356,0.5695275035425773,-38.95851737412468,0.0,-0.05651690846378066,0.14912589172684868
2020-08-03,0.0,28.442576738927293,29.32367019207423,37.37460807440896,45.40018090627901,-91.52224332535107,1.9529593036041084,0.11616119527799995,-32.97842262685641,0.0,-0.00020502350092910238,0.1480791192912868
2020-08-10,0.0,26.407973403792063,28.933771086189815,36.56742805290076,44.17001602217956,-95.14380183753715,1.4943998423646268,-0.3398380025933001,-32.03199064046735,0.0,-0.04825653973263688,0.1478283045792372
2020-08-17,0.0,25.222954583377422,28.417328012391703,34.957263612065425,42.051434477326346,-94.98180427243757,1.0225250472840417,-0.8649741330382987,-39.50110063305413,0.0,-0.0875407413031215,0.14836566638439833
2020-08-24,0.0,24.161695491124625,28.14425492278798,32.909394284789336,41.69843100699674,-92.97115826220957,0.5590808712538137,-1.2946958328670988,-23.470457602544197,0.0,-0.015723661551126034,0.13724650499324684
2020-08-31,1.0,23.491770770269333,26.893948935361163,30.86175101856174,42.30221759324201,-91.2722941827486,0.13045755198088416,-1.5840357251108337,-28.802533921300736,0.0,0.018491755310808378,0.1341907777172056
2020-09-14,0.0,22.906681840048005,25.674629289487655,29.638222945737187,42.954696895093264,-89.53001567314675,-0.24748594050917902,-1.7592599104694315,-19.575127374073876,0.0,0.018619995270607426,0.13235514686397337
2020-09-21,1.0,24.93262130146859,25.077787942423008,28.508073641575194,49.09408030767824,-71.8236962553597,-0.6026094733915264,-1.1715162383271363,9.483067877715001,0.0,-0.09401750044703494,0.15641066350548288
2020-09-28,0.0,25.707034868821058,24.93436517997284,28.021206965236008,47.59083043381502,-76.86577844762922,-0.7110525390775133,-1.1448248018214606,-25.82746923775329,0.0,-0.04461273615191319,0.10807832857155322
2020-10-05,1.0,26.47565516829842,24.983712969283875,27.509144398384258,48.12630174031278,-66.77442313925572,-0.7849609695820103,-1.0805946915999982,-24.976914274178792,0.0,0.01461778850392803,0.10827948270040902
2020-10-12,1.0,27.393652018758853,25.150166929403433,27.444540142110007,49.82239422618373,-60.25525484935819,-0.8129612099282584,-0.9249621713132505,-20.886422559218143,0.0,0.04425936593429958,0.10944882086716268
2020-10-19,1.0,26.443764192395257,25.215048753231393,27.141941948356457,46.63514019265778,-72.90869406227367,-0.8449663852801806,-0.9729870866878692,-11.0109384009327,0.0,-0.08226463961433872,0.10007378303555033
2020-10-26,1.0,26.44939624010774,25.691008770788166,27.080402324013427,49.6373181154018,-61.96007382310418,-0.8446419577663713,-0.8433442477111335,-0.7076199661333601,0.0,0.07756156137921688,0.10193400069556185
2020-11-02,0.0,26.76065353891794,26.233844203869502,27.07616777180189,50.1248789354076,-60.19347274695501,-0.817105779426754,-0.7069610660682848,6.4624975559410185,0.0,0.011614046238860087,0.1004482438585925
2020-11-09,1.0,28.89350126826414,27.68457821828128,27.656408317533447,62.01755505331054,-20.019268841235803,-0.6207285724060668,0.16478025567668197,43.19957523388999,0.0,0.34479482674558515,0.13461284639775936
2020-11-16,0.0,28.59949754473879,27.996574781748826,27.229540970079565,47.82063388364467,-72.84873266989698,-0.5024006560211487,-0.029088990481476173,5.861272336003847,0.0,-0.29641709148359563,0.1601050170842472
2020-11-23,0.0,28.22781914557413,27.3357916689847,26.671240877011925,45.13146544896896,-85.61754661614981,-0.48034668666345404,-0.3921308092326754,4.203833046393243,0.0,-0.10182685172065908,0.1608566237201218
2020-11-30,0.0,27.521653920898416,26.985525080503077,26.1428035507541,45.486876583793965,-86.41592136093365,-0.5141431650970091,-0.6493290788312294,7.160618833106317,0.0,0.012205198670627082,0.16062510177220213
2020-12-07,1.0,26.241181394189937,26.500917466553936,25.797472522464734,42.81264700533232,-93.75624638495468,-0.6207757273661729,-1.0473059764428285,-6.145250561111908,0.0,-0.10797185065585424,0.16402808326309423
2020-12-14,1.0,23.004731317180962,25.949116292722557,25.484483784850028,42.50468165828632,-95.12408251754695,-0.7707218314624514,-1.3705062478475654,-9.137154383425415,0.0,-0.013851595944065154,0.1640887347283369
2020-12-21,1.0,22.411549689828302,25.505523617283547,25.352260634216545,45.735630115261415,-84.6108835796797,-0.9023358740281926,-1.428792044291157,-23.08183190939511,0.0,0.10795887468444887,0.14291473335738616
2020-12-28,1.0,22.077760094220302,25.152789619897217,25.155808342557883,44.12693633042887,-90.9440698286421,-1.035107753693704,-1.566195272355749,-20.083182450144974,0.0,-0.05869783540802298,0.14160690690244124
2021-01-04,1.0,21.65345705934757,24.58755549012299,25.01077584969589,43.92155507194547,-91.72588116272642,-1.1619529519189038,-1.6693337448197028,-16.995308372775533,0.0,-0.007697908255456576,0.14118804378303074
2021-01-11,1.0,21.957434160093438,24.09930777714169,25.01996765977807,45.68973782331023,-86.6477315188682,-1.2584628479344464,-1.6445024319966173,-14.068939615438897,0.0,0.05038860746257656,0.14187249951066713
2021-01-25,1.0,22.125946610674667,22.565338963927815,24.99978167045718,44.344819749420274,-91.1834131146937,-1.3435039855983686,-1.683668536254057,-21.23682735431084,0.0,-0.04284690124994062,0.14162471707111285
2021-02-01,0.0,22.409321959060463,22.243541026640383,25.037389323275132,45.5087659327749,-89.04981771971623,-1.4001366585342134,-1.4995936038429036,-18.67691233899577,0.0,-0.08143169470327383,0.14344425035081293
2021-02-08,1.0,24.50543676167225,23.07944691050991,25.134371908649396,58.94245679015626,-42.70816502940923,-1.2580961275583176,-0.6899340036547343,16.398830751168706,0.0,0.4479368103250885,0.18788418567912277
2021-02-22,1.0,24.368654040962344,23.16304410052789,24.885689740609916,46.40930602682184,-88.57460769099961,-1.1768215326633353,-0.8517231530834053,-40.682056641809126,0.0,-0.3146798567778416,0.18445032616103146
2021-03-01,0.0,23.62543368061682,22.976876444023834,24.396624193616532,46.73366030979023,-88.22154959090197,-1.1642250693740424,-1.1661584417619117,-6.486285774164831,0.0,0.08460102673322711,0.1671654462826884
2021-03-08,1.0,24.673696475571212,23.541509217315838,24.38978086061141,53.01773314883573,-57.23585394132018,-1.0828749910838453,-0.7574746779230566,15.598069172938693,0.0,0.25124926907040845,0.1794330534057213
2021-03-15,0.0,23.252280610243865,23.878858685958058,24.374494865280017,50.186044747730215,-71.26359207398684,-0.9909583978198191,-0.6232920247637139,18.03376163955197,0.0,-0.08917650001626809,0.17843198391453619
