Date,price,processed_price
2015-01-06,0.09046352652383838,0.09725264838087666
2015-01-07,0.10104049476839672,0.09806287843847716
2015-01-08,0.11686304040501849,0.0905211281438636
2015-01-09,0.10929571029795637,0.09876006215418542
2015-01-12,0.10284631701486724,0.11362905816009938
2015-01-13,0.10078252953413258,0.10896905540895141
2015-01-14,0.09588099326324961,0.10273868949923781
2015-01-15,0.08685188203089755,0.10012736951540258
2015-01-16,0.09854672149280774,0.09551353022025355
2015-01-20,0.09983661327074977,0.08703998931444956
2015-01-21,0.10387824355854502,0.09613213399185105
2015-01-22,0.11755099143413705,0.09844166740321769
2015-01-23,0.11342335086604671,0.10226644680202801
2015-01-26,0.11720701591957783,0.11468582546859885
2015-01-27,0.10654397178810315,0.11270556163969325
2015-01-28,0.09433313625104345,0.11574637138315935
2015-01-29,0.10284631701486724,0.10684581702847207
2015-01-30,0.09063548147780742,0.09503955622936311
2015-02-02,0.10061057458016354,0.10092336506294897
2015-02-03,0.11436926712942952,0.0910438365479389
2015-02-04,0.11118754282472187,0.09845334613112211
2015-02-05,0.12116263592707788,0.11141482809395542
2015-02-06,0.11841089741722477,0.11032993298838678
2015-02-09,0.11385333666090114,0.11888557946640932
2015-02-10,0.12314041312751745,0.11760139951409188
2015-02-11,0.12357039892237187,0.11346041975652721
2015-02-12,0.1324275552007549,0.12101792585855109
2015-02-13,0.13681316100310947,0.1223777312592157
2015-02-17,0.13827500773502055,0.13027727577371107
2015-02-18,0.13879093820354893,0.1351304618927628
2015-02-19,0.1385329729692848,0.13703748764994494
2015-02-20,0.143778484754727,0.13773584242638937
2015-02-23,0.1436924744744319,0.13760194023801742
2015-02-24,0.14584227223546153,0.14215791944282108
2015-02-25,0.14549836232752345,0.14267667495522252
2015-02-26,0.14489642157869997,0.1446186349062747
2015-02-27,0.14154267671340215,0.14457186921344822
2015-03-02,0.14730418457399386,0.1440409576182199
2015-03-03,0.14343450924016765,0.14104772229295914
2015-03-04,0.13965090979325778,0.14568095059890374
2015-03-05,0.14111275652516886,0.14291089110265398
2015-03-06,0.1281279596786955,0.1392510654761827
2015-03-09,0.13156764921766728,0.14004865592281868
2015-03-10,0.11746498115384196,0.12883148232770114
2015-03-11,0.1167770301247234,0.13036861311217474
2015-03-12,0.1282139699589906,0.11827317435127671
2015-03-13,0.12305446845384349,0.11609706171563983
2015-03-16,0.13457735296178464,0.1257850455672721
2015-03-17,0.13277153071531422,0.1225491665017372
2015-03-18,0.14343450924016765,0.1321739721467261
2015-03-19,0.14008082998149096,0.1318538480535172
2015-03-20,0.14790612532281733,0.14110891123172709
2015-03-23,0.14627225803031596,0.1393910638933593
2015-03-24,0.1412847114791379,0.14598986804053937
2015-03-25,0.12236651742472493,0.14542531165276795
2015-03-26,0.1205606951782544,0.14100322110892016
2015-03-27,0.12305446845384349,0.12393262703147556
2015-03-30,0.13474937352237482,0.12013349692176567
2015-03-31,0.12632213743222498,0.12181264365717603
2015-04-01,0.12460232546604966,0.13222796718755925
2015-04-02,0.12752601892987203,0.1262378212003673
2015-04-06,0.13388940193266607,0.12395771082049623
2015-04-07,0.13079368790825352,0.12620965629493586
2015-04-08,0.13474937352237482,0.13205120843282137
2015-04-09,0.13801704250075642,0.13011341786091757
2015-04-10,0.1424026483031109,0.13330974321251854
2015-04-13,0.13870499352987498,0.13657529400300916
2015-04-14,0.14008082998149096,0.14082456738002047
2015-04-15,0.14481041129840488,0.13815445038792873
2015-04-16,0.14438042550355046,0.13900603174707338
2015-04-17,0.13345948174443278,0.14324061465436366
2015-04-20,0.14102674624487377,0.14341758147052575
2015-04-21,0.14076878101060963,0.13391894831370665
2015-04-22,0.14472440101810968,0.13927877192761984
2015-04-23,0.14764816008855308,0.13975236310139671
2015-04-24,0.14868002102560984,0.1432628880788258
2015-04-27,0.143778484754727,0.1462695396994207
2015-04-28,0.14627225803031596,0.14756102703734542
2015-04-29,0.14214461746222562,0.14345581058713675
2015-04-30,0.1319976350125216,0.1450950674452186
2015-05-01,0.1405108157763454,0.14170991329737082
2015-05-04,0.143778484754727,0.13242185370468373
2015-05-05,0.13259957576134507,0.1386338403231685
2015-05-06,0.130019792205461,0.1422923990401298
2015-05-07,0.13354542641810674,0.13302258157148916
2015-05-08,0.14524033148663806,0.12956526927007228
2015-05-11,0.1412847114791379,0.13218861605936727
2015-05-12,0.1385329729692848,0.14272698991686283
2015-05-13,0.1390489690444343,0.1406515696014966
2015-05-14,0.14833604551105062,0.13798192452333036
2015-05-15,0.1494539823350236,0.13808389420945688
2015-05-18,0.15297961654766934,0.1461943512616739
2015-05-19,0.15254969635943605,0.1482260256846054
2015-05-20,0.15194775561061258,0.15156470987424098
2015-05-21,0.15435551860590646,0.15162497830550858
2015-05-22,0.15254969635943605,0.15110801564401288
2015-05-26,0.14266061353737514,0.15313991180796205
2015-05-27,0.15125980458149402,0.15183026225186635
2015-05-28,0.1503998985984063,0.14303754339254493
2015-05-29,0.14403644998899112,0.14938907415470715
2015-06-01,0.14635826831061105,0.14946708990726443
2015-06-02,0.1456703172814925,0.14392912648556322
2015-06-03,0.1489379862598741,0.14523174126164617
2015-06-04,0.1413707217594331,0.14480169384133512
2015-06-05,0.14059682605664048,0.147594647374518
2015-06-08,0.13483531819604877,0.14136092413752666
2015-06-09,0.13406142249325625,0.13987379078147777
2015-06-10,0.14541235204722835,0.13465667050311514
2015-06-11,0.14807808027678637,0.13330202318759143
2015-06-12,0.14188665222796149,0.14302207209526796
2015-06-15,0.137587056705902,0.14661299259240101
2015-06-16,0.14274662381767023,0.14168281940857075
2015-06-17,0.14429441522325537,0.13729159880251474
2015-06-18,0.1535815572964928,0.14121782146238193
2015-06-19,0.1494539823350236,0.14307897620213417
2015-06-22,0.15521542458899418,0.1514187515056804
2015-06-23,0.15616134085237687,0.14890688156503762
2015-06-24,0.1489379862598741,0.1536027853165436
2015-06-25,0.14601429279605183,0.15503948688843827
2015-06-26,0.1414567320397282,0.1489288601593758
2015-06-29,0.12185058695619655,0.14558341448683554
2015-06-30,0.12434429462516439,0.1411738058300288
2015-07-01,0.13036376772002023,0.12350503124081424
2015-07-02,0.1291598862223733,0.12337659674163626
2015-07-06,0.1267521232270794,0.1286080858860501
2015-07-07,0.13182561445193142,0.12824023164360376
2015-07-08,0.11634704432986898,0.12609302410150214
2015-07-09,0.11823887685663448,0.13023664431716453
2015-07-10,0.12933184117634244,0.11728127490598217
2015-07-13,0.13982286474722683,0.11724234245095466
2015-07-14,0.14403644998899112,0.12690894495923788
2015-07-15,0.14283256849134418,0.13731557816984952
2015-07-16,0.14936797205472852,0.14234551347045188
2015-07-17,0.14962593728899265,0.14195139226656017
2015-07-20,0.14971194756928774,0.14759808329195134
2015-07-21,0.1455843070011974,0.14855888647259463
2015-07-22,0.1442084705495814,0.1487590907551486
2015-07-23,0.13879093820354893,0.1451863959590851
2015-07-24,0.1289878656617831,0.14352123697995012
2015-07-27,0.1228824478932532,0.13858081958212076
2015-07-28,0.133803457258992,0.1293899208875603
2015-07-29,0.14016684026178605,0.12286898176620986
2015-07-30,0.14094073596457868,0.13154091103207566
2015-07-31,0.13999481970119587,0.13821913025374477
2015-08-03,0.13664114044251918,0.1397641913509432
2015-08-04,0.13509328343031302,0.1391408267016332
2015-08-05,0.13818899745472546,0.1361355998820497
2015-08-06,0.13053572267398939,0.13439441424205378
2015-08-07,0.12786999444443126,0.13686657402604419
2015-08-10,0.1393928789523724,0.13051605401063004
2015-08-11,0.1309657084688437,0.12736425828446285
2015-08-12,0.1319116247322265,0.1370000218640245
2015-08-13,0.13062173295428448,0.13090833902815713
2015-08-14,0.13414743277355134,0.13093917745392114
2015-08-17,0.14008082998149096,0.12981857222622495
2015-08-18,0.13767306698619708,0.1327465012675182
2015-08-19,0.12933184117634244,0.13830125535404447
2015-08-20,0.10920976562428242,0.1369258957791627
2015-08-21,0.08315422725766153,0.12947415099349724
2015-08-24,0.04781154681780331,0.11095909142812155
2015-08-25,0.0377504434351521,0.08582899835646995
2015-08-26,0.06801963265015842,0.05173959354419222
2015-08-27,0.0889156695116321,0.038524961037252226
2015-08-28,0.08960362054075066,0.06319374358814589
2015-08-31,0.08298220669707135,0.08462736457280795
2015-09-01,0.057184633564714704,0.0880204506374791
2015-09-02,0.07326514443560062,0.08268960142673765
2015-09-03,0.07429700537265738,0.0595026184263765
2015-09-04,0.061914214881628515,0.07050102989273055
2015-09-08,0.08358414744589482,0.07283402179229925
2015-09-09,0.07154526686280416,0.06234181943627515
2015-09-10,0.07601688294545383,0.07986792000962062
2015-09-11,0.079972502952954,0.07165556498066561
2015-09-14,0.0766188236942773,0.07448400141594669
2015-09-15,0.08762577773369007,0.07830141525504797
2015-09-16,0.0951070975604571,0.07587492092270076
2015-09-17,0.09390321606281016,0.08515538066683981
2015-09-18,0.0798004823923637,0.09288760595069412
2015-09-21,0.08332618221163068,0.09284565340536599
2015-09-22,0.07154526686280416,0.0805443676648665
2015-09-23,0.06982545489662884,0.08201520465370649
2015-09-24,0.06672974087221639,0.07193540406431265
2015-09-25,0.060624323103686484,0.06912232047128819
2015-09-28,0.03766449876147815,0.06605663782466309
2015-09-29,0.03749247820088797,0.06033395097541572
2015-09-30,0.05297104832295041,0.03957006450809952
2015-10-01,0.05469086028912573,0.036714086573922056
2015-10-02,0.06707371638677562,0.04983726449484638
2015-10-05,0.08298220669707135,0.05304696803576303
2015-10-06,0.08014445790692304,0.06426156443655773
2015-10-07,0.0880557635285445,0.0795932886201195
2015-10-08,0.09570903830928057,0.07911719253346261
2015-10-09,0.09691291980692751,0.08595281476331695
2015-10-12,0.09708487476089667,0.09351634638234574
2015-10-13,0.09054947119751233,0.09555167721926561
2015-10-14,0.0859919104411887,0.09596684941937716
2015-10-15,0.0993206828022214,0.09032290180832936
2015-10-16,0.10276037234119317,0.08561374708155756
2015-10-19,0.10379223327824993,0.09662106019476502
2015-10-20,0.10276037234119317,0.10105453730766334
2015-10-21,0.09570903830928057,0.10253197183213836
2015-10-22,0.10877977982942799,0.10182486093507648
2015-10-23,0.11823887685663448,0.09558482801962676
2015-10-26,0.11608907909560484,0.10616766296599112
2015-10-27,0.11307937535148738,0.11579399092948295
2015-10-28,0.12503224565428295,0.11517416163830152
2015-10-29,0.12365640920266696,0.11246929914476533
2015-10-30,0.12013070938340009,0.1225382018809722
2015-11-02,0.13216958996649075,0.12265084733192277
2015-11-03,0.13449134268148955,0.11959155864948745
2015-11-04,0.13225560024678584,0.1296892619456108
2015-11-05,0.13122367370310795,0.13302949564299527
2015-11-06,0.131395628657077,0.1315155150626075
2015-11-09,0.12210855219046068,0.13041849885402834
2015-11-10,0.12417233967119534,0.13042545636807545
2015-11-11,0.12021671966369518,0.12232919495962857
2015-11-12,0.10654397178810315,0.1230734358528982
2015-11-13,0.09699886448060147,0.11972162155717447
2015-11-16,0.10998366132707493,0.10736388079287684
2015-11-17,0.10886579010972308,0.09743125281488363
2015-11-18,0.12331243368810763,0.10745792726546699
2015-11-19,0.12210855219046068,0.10778998282124275
2015-11-20,0.12606417219796084,0.12042892184392884
2015-11-23,0.12511825593457804,0.12102642354150905
2015-11-24,0.12752601892987203,0.12455309682397575
2015-11-25,0.1282139699589906,0.12418798044165547
2015-11-27,0.12958980641060658,0.12623966556266586
2015-11-30,0.12563418640310642,0.12710685307619418
2015-12-01,0.1343193877275204,0.12841942411090834
2015-12-02,0.12460232546604966,0.12514167590904346
2015-12-03,0.11084356731016254,0.13228692055529112
2015-12-04,0.12752601892987203,0.12474604338974049
2015-12-07,0.12030272994399027,0.11176738410005016
2015-12-08,0.11479925292428383,0.12462098482177941
2015-12-09,0.10697395758295758,0.11999829190312006
2015-12-10,0.1096396858125156,0.11459750886915077
2015-12-11,0.09183936297545436,0.10707098840559759
2015-12-14,0.09502108728016201,0.10841429623424192
2015-12-15,0.1045661945876637,0.093069705927188
2015-12-16,0.11763693610781101,0.09384402886100729
2015-12-17,0.10422221907310436,0.10226707913112254
2015-12-18,0.0889156695116321,0.1147608408721199
2015-12-21,0.09089344671207167,0.10469310268919141
2015-12-22,0.09889069700736708,0.09003565669409563
2015-12-23,0.11006967160737002,0.08984983869282659
2015-12-24,0.10895180039001817,0.09679822362870649
2015-12-28,0.10697395758295758,0.10745041964068436
2015-12-29,0.11660507517075425,0.10786399460797558
2015-12-30,0.1097256960928108,0.10619346130840501
2015-12-31,0.10095455009472276,0.11437288247724164
2016-01-04,0.08753976745339498,0.10944088609597247
2016-01-05,0.08951761026045557,0.10115079561778217
2016-01-06,0.07765068463133407,0.0883744007125109
2016-01-07,0.0562387173013319,0.08843378282527214
2016-01-08,0.046521655039861165,0.07809504798576161
2016-01-11,0.046005724571332896,0.058079125060531256
2016-01-12,0.05176716682530347,0.04699854193894082
2016-01-13,0.029925213700446984,0.045104668024542716
2016-01-14,0.042566035032361116,0.04988111044247934
2016-01-15,0.024937667149268927,0.031460138465541854
2016-01-19,0.02407776116618121,0.04008068877313653
2016-01-20,0.01599450059059071,0.025834408672375297
2016-01-21,0.019176224895298355,0.023228070241667287
2016-01-22,0.03654656193750516,0.01584081484681432
2016-01-25,0.02287387966853427,0.01765215600559733
2016-01-26,0.03534268043985822,0.03303297365146163
2016-01-27,0.025883583412651734,0.023116569855499036
2016-01-28,0.029151252391033222,0.03269547469345391
2016-01-29,0.04961736906427372,0.02569667112525431
2016-02-01,0.049789324018242764,0.02763356921828486
2016-02-02,0.03345084791309272,0.045729882043442416
2016-02-03,0.038438394464270664,0.04823815843187729
2016-02-04,0.04041623727133137,0.03431993686947732
2016-02-05,0.023217855183093605,0.03685459841251659
2016-02-08,0.010491023570884384,0.03890935268889051
2016-02-09,0.009459162633827622,0.02418229670492844
2016-02-10,0.009975093102356003,0.011166828799778372
2016-02-11,0.0,0.008570969456411781
2016-02-12,0.01547857012206233,0.008682497868789718
2016-02-16,0.03026918921500621,0.0
2016-02-17,0.0439418714839771,0.012363852414711718
2016-02-18,0.04058819222530041,0.026870706523667964
2016-02-19,0.04076021278589059,0.04068214058459574
2016-02-22,0.05297104832295041,0.0395580900006951
2016-02-23,0.04273798998633016,0.03956158153340528
2016-02-24,0.047037585508389546,0.05020835660056511
2016-02-25,0.05701267861074566,0.04267392296399397
2016-02-26,0.0563247275816271,0.045440727282136106
2016-02-29,0.04953135878397863,0.054498336106037604
2016-03-01,0.06965349994265979,0.05507893738291059
2016-03-02,0.07446902593324756,0.04923163547807863
2016-03-03,0.07876862145530705,0.06601358982930372
2016-03-04,0.0817783251994244,0.07239918865646089
2016-03-07,0.08358414744589482,0.07698008368666309
2016-03-08,0.07266320368677714,0.08020116139634481
2016-03-09,0.07687678892854144,0.08219539061413883
2016-03-10,0.0766188236942773,0.0729335872817305
2016-03-11,0.09140944278722118,0.07540028660235876
2016-03-14,0.09037751624354329,0.07549683915047445
2016-03-15,0.08324017193133548,0.0884049904684685
2016-03-16,0.08874364895104192,0.08918749972745788
2016-03-17,0.09553701774869039,0.08306660734616322
2016-03-18,0.09949263775619055,0.08706726158318767
2016-03-21,0.10035260934589929,0.09351160326497332
2016-03-22,0.10009457850501402,0.0978002502093469
2016-03-23,0.09278527923883717,0.09910894413859839
2016-03-24,0.09252731400457304,0.099054525554503
2016-03-28,0.0931292547533965,0.09267463961320299
2016-03-29,0.10301833757545742,0.09161828478133016
2016-03-30,0.1064580271144292,0.09200543516742676
2016-03-31,0.1054261005707513,0.10067793180883744
2016-04-01,0.11110159815104792,0.10480713025809862
2016-04-04,0.1073179330975168,0.10444554614645274
2016-04-05,0.09854672149280774,0.10934674710600378
2016-04-06,0.1083498596411947,0.1066866006212639
2016-04-07,0.09751486055575098,0.09869252565674247
2016-04-08,0.10009457850501402,0.10619782869738159
2016-04-11,0.09760087083604607,0.09772917420383032
2016-04-12,0.10628600655383902,0.09887471075665932
2016-04-13,0.11686304040501849,0.0968497987939615
2016-04-14,0.11651906489045916,0.10415825874553797
2016-04-15,0.11608907909560484,0.1143325635810647
2016-04-18,0.12219449686413464,0.1153585988458411
2016-04-19,0.12477428042001881,0.11511742033851668
2016-04-20,0.1257201966834015,0.1204091494208851
2016-04-21,0.12116263592707788,0.12334802807553435
2016-04-22,0.12245252770502002,0.12455575008740527
2016-04-25,0.12021671966369518,0.12073952073687988
2016-04-26,0.12271049293928415,0.12136680509510123
2016-04-27,0.12494623537398786,0.11949920950356019
2016-04-28,0.11669101984442831,0.12143007826897045
2016-04-29,0.11135956338531205,0.1236310010705769
2016-05-02,0.11841089741722477,0.11672031584414211
2016-05-03,0.10920976562428242,0.11117133677490054
2016-05-04,0.10387824355854502,0.1165960616275813
2016-05-05,0.1035342680439858,0.1092807891419263
2016-05-06,0.10680200262898842,0.1036790261278534
2016-05-09,0.1077478532857501,0.10264908787149318
2016-05-10,0.11849684209089872,0.10536391944911949
2016-05-11,0.11015568188766511,0.10654238592879195
2016-05-12,0.10981170637310589,0.1160677390819469
2016-05-13,0.10198641103177952,0.11003665750254532
2016-05-16,0.11092957759045774,0.10895076946130444
2016-05-17,0.10276037234119317,0.10198657605770733
2016-05-18,0.10267436206089808,0.10887630806147541
2016-05-19,0.09914866224163121,0.10265166945422433
2016-05-20,0.10602804131957477,0.10176547000735559
2016-05-23,0.10491017010222292,0.09857600955580659
2016-05-24,0.11694905068531358,0.10415830911807511
2016-05-25,0.12357039892237187,0.10391116349549046
2016-05-26,0.12339844396840272,0.11437535175629732
2016-05-27,0.12752601892987203,0.12151205569312284
2016-05-31,0.1270960331350176,0.12229220420344067
2016-06-01,0.12958980641060658,0.12599260363412146
2016-06-02,0.13268552043501913,0.12609995442848343
2016-06-03,0.1301058024857561,0.12828820275854746
2016-06-06,0.13492132847634386,0.13127245543365085
2016-06-07,0.13672715072281438,0.1294121789959849
2016-06-08,0.13999481970119587,0.13336827934213435
2016-06-09,0.1381030527810515,0.13545829840391355
2016-06-10,0.12847193519325473,0.1385796728090194
2016-06-13,0.12081866041251865,0.13733707357128677
2016-06-14,0.11514316283222203,0.12877800625631552
2016-06-15,0.11419724656883923,0.12098987130178418
2016-06-16,0.11686304040501849,0.11502658017093681
2016-06-17,0.11385333666090114,0.11342470975482888
2016-06-20,0.120044699103105,0.11554018883291073
2016-06-21,0.1220225419101656,0.11319179803010004
2016-06-22,0.11995875442943094,0.1182838433465816
2016-06-23,0.13259957576134507,0.1206718817702922
2016-06-24,0.09880475233369301,0.1191837321019561
2016-06-27,0.08100442949663178,0.13001100683774724
2016-06-28,0.09708487476089667,0.10195718662353792
2016-06-29,0.11307937535148738,0.08278149483861452
2016-06-30,0.12554824172943246,0.0943026098201939
2016-07-01,0.12735406397590288,0.1097492704093318
2016-07-05,0.12047468489795932,0.12263360545276458
2016-07-06,0.12606417219796084,0.12588717263712457
2016-07-07,0.12563418640310642,0.12031322761202212
2016-07-08,0.13999481970119587,0.12446015148674816
2016-07-11,0.14386449503502208,0.1246256943757591
2016-07-12,0.1516897247697273,0.13716794288625478
2016-07-13,0.15117379430119893,0.1421763501054064
2016-07-14,0.15573135505752256,0.14965167804770618
2016-07-15,0.1546994941204658,0.15017605322881344
2016-07-18,0.15736522235002381,0.1542180134774781
2016-07-19,0.1554733898232583,0.15384511748323437
2016-07-20,0.16054694665473146,0.15612070213961993
2016-07-21,0.15676328160120034,0.15476782043178816
2016-07-22,0.16132084235752397,0.15901501622160996
2016-07-25,0.158827069081935,0.15626963827587037
2016-07-26,0.1598589956256129,0.15988547676127052
2016-07-27,0.1587410588016399,0.15818244303894935
2016-07-28,0.159945005905908,0.1588602105293725
2016-07-29,0.1621807483406117,0.15797383778298835
2016-08-01,0.16089085656266966,0.15890801480934202
2016-08-02,0.1536675675767879,0.16097904644644734
2016-08-03,0.15719320178943363,0.16012432390007014
2016-08-04,0.15831113861340662,0.1537151306996486
2016-08-05,0.16622237862840694,0.155953781567009
2016-08-08,0.16562043787958347,0.15722022867522545
2016-08-09,0.16648034386267108,0.16428288594950002
2016-08-10,0.16364259507252277,0.1646784907403741
2016-08-11,0.16845818666973178,0.16547977724315766
2016-08-12,0.16751227040634897,0.16311004102975857
2016-08-15,0.1710379046189947,0.16699980460454766
2016-08-16,0.16553442759928838,0.16668200698593427
2016-08-17,0.16673830909693532,0.1697145025643063
2016-08-18,0.1697480784476738,0.16531136133812163
2016-08-19,0.1683721763894367,0.16578716779035862
2016-08-22,0.16863014162370082,0.16847331809635635
2016-08-23,0.171209925179585,0.16762376903487086
2016-08-24,0.16579239283355252,0.16773796723556
2016-08-25,0.16519045208472904,0.17000209813309508
2016-08-26,0.1632126748842896,0.16557375484779624
2016-08-29,0.16845818666973178,0.16447182596253018
2016-08-30,0.1669103296575255,0.16260384590888566
2016-08-31,0.16415859114767228,0.16693383608977164
2016-09-01,0.16467452161620066,0.16614859283469263
2016-09-02,0.16957605788708363,0.1636470866044838
2016-09-06,0.17232779639693685,0.16377091133202326
2016-09-07,0.17361768817487888,0.16806057451246148
2016-09-08,0.1711239148992898,0.1710187848239516
2016-09-09,0.1470462193397296,0.17252892977192325
2016-09-12,0.16020297114017212,0.17055147721482944
2016-09-13,0.14068277073031443,0.14930103454505805
2016-09-14,0.14076878101060963,0.15800266849556566
2016-09-15,0.1503998985984063,0.14211751425724806
2016-09-16,0.1466162335448753,0.14012231454422053
2016-09-19,0.14799206999649128,0.1482594244377995
2016-09-20,0.147562149808258,0.14602098906311534
2016-09-21,0.1583971488937017,0.14692882816553343
2016-09-22,0.16536247264531923,0.14667230326268577
2016-09-23,0.1598589956256129,0.1560856352293548
2016-09-26,0.15229166551855078,0.16338529274205627
2016-09-27,0.15770919786458315,0.15953825789364717
2016-09-28,0.16329868516458468,0.15243913886687788
2016-09-29,0.15392553281105203,0.15623737535601667
2016-09-30,0.16140685263781906,0.16160570352566994
2016-10-03,0.15848309356737567,0.1541331008989113
2016-10-04,0.15418349804531628,0.15968202848394197
2016-10-05,0.1578811528185522,0.15785602560053447
2016-10-06,0.15822512833311153,0.15386934762218585
2016-10-07,0.1546134838401707,0.15657368665183258
2016-10-10,0.1597729853453178,0.15722602593687263
2016-10-11,0.1470462193397296,0.1541621384017875
2016-10-12,0.14816409055708146,0.1582612849657964
2016-10-13,0.14481041129840488,0.1476993483660568
2016-10-14,0.14455244606414064,0.1472975362133886
2016-10-17,0.14188665222796149,0.14432118262577764
2016-10-18,0.1473901292476678,0.14370838397433128
2016-10-19,0.1503998985984063,0.14130428411923568
2016-10-20,0.14859401074531475,0.14578931932433625
2016-10-21,0.14825010083737666,0.1489979615614444
2016-10-24,0.15297961654766934,0.14784161106487914
2016-10-25,0.1489379862598741,0.1473910664138679
2016-10-26,0.14610030307634692,0.15145589605775445
2016-10-27,0.14291857877163927,0.1484618383432481
2016-10-28,0.13982286474722683,0.1455975413251135
2016-10-31,0.1404248054960503,0.14245019422919958
2016-11-01,0.13345948174443278,0.1393409495925032
2016-11-02,0.12701008846134365,0.1394605626479567
2016-11-03,0.1229684581735484,0.13340326050104
2016-11-04,0.12236651742472493,0.12699079531372526
2016-11-07,0.14266061353737514,0.12263131238987934
2016-11-08,0.1467022438251704,0.1215383575456197
2016-11-09,0.1583971488937017,0.13908983255771745
2016-11-10,0.1617508281523784,0.14490097691391546
2016-11-11,0.16209480366693774,0.1558547918972214
2016-11-14,0.16458851133590557,0.1602063068128372
2016-11-15,0.1720698311626726,0.16107330985556978
2016-11-16,0.17069399471105662,0.16336050061664498
2016-11-17,0.17559553098193947,0.17018134696929543
2016-11-18,0.17378964312884793,0.16987069822657153
2016-11-21,0.1810990080016459,0.17410373982303762
2016-11-22,0.18393669118517308,0.17308089141190874
2016-11-23,0.1853125932434102,0.17932044263638347
2016-11-25,0.18909625829694132,0.18260769984859992
2016-11-28,0.1834207607166447,0.18423571714472342
2016-11-29,0.18479666277488183,0.1877467664003798
2016-11-30,0.1824748444532619,0.1832560109969431
2016-12-01,0.17843321416546665,0.1838703797630714
2016-12-02,0.17843321416546665,0.18192611078410514
2016-12-05,0.18522658296311512,0.17814893348794725
2016-12-06,0.19021412951429317,0.17765668303748183
2016-12-07,0.20242496505135288,0.18351549902563247
2016-12-08,0.20603660954429381,0.18862754968223916
2016-12-09,0.21145414189032619,0.19994008394808027
2016-12-12,0.20887435833444212,0.20456326137966407
2016-12-13,0.21472181086870767,0.20988917455953804
2016-12-14,0.2056066893560604,0.20833401151489894
2016-12-15,0.20973426431752973,0.21322958571170403
2016-12-16,0.20818640730532345,0.20592034329074338
2016-12-19,0.21102415609547176,0.20856651465170561
2016-12-20,0.2090463788950323,0.2075618322473306
2016-12-21,0.206208630104884,0.2099050614380692
2016-12-22,0.20362884654899982,0.20848606232491795
2016-12-23,0.205176703561206,0.20582697337297595
2016-12-27,0.20767047683679518,0.20323118644754834
2016-12-28,0.19932925102694043,0.20424243506768291
2016-12-29,0.19941526130723553,0.20654848144560767
2016-12-30,0.1957176065339995,0.19957650596821863
2017-01-03,0.20328487103444048,0.19874289225344688
2017-01-04,0.21093814581517667,0.19541036170106507
2017-01-05,0.2089603686147372,0.20157376601735544
2017-01-06,0.21214209291944464,0.2090496926486335
2017-01-09,0.20827241758561854,0.20829959849521995
2017-01-10,0.2090463788950323,0.21097590980359937
2017-01-11,0.2122280375931187,0.20795082037413637
2017-01-12,0.20956230936356057,0.20823138112554263
2017-01-13,0.21205608263914955,0.21104195255569935
2017-01-17,0.20758446655649987,0.2090840513802129
2017-01-18,0.2099062848781199,0.21100315131379677
2017-01-19,0.20595066487061975,0.20735456337047242
2017-01-20,0.20939035440959142,0.208903405913326
2017-01-23,0.20672456057341226,0.20565644915893488
2017-01-24,0.21454985591473852,0.20823227697098667
2017-01-25,0.22323499163253158,0.2062437262654161
2017-01-26,0.2217731449006204,0.21280725172589443
2017-01-27,0.22013934321474005,0.22123497663616176
2017-01-30,0.2132599641367965,0.22105874981272955
2017-01-31,0.21411987011988431,0.21961131297526937
2017-02-01,0.21403385983958922,0.2134247222716773
2017-02-02,0.21472181086870767,0.2133682018876889
2017-02-03,0.22237508564944375,0.2132858458232879
2017-02-06,0.21996732265414987,0.2138749201712259
2017-02-07,0.21988131237385478,0.22062438727391498
2017-02-08,0.22099924919782787,0.2194047254527448
2017-02-09,0.22770660771518103,0.21917078611556795
2017-02-10,0.23200620323724053,0.2201149995697701
2017-02-13,0.23716570474238763,0.22608602864688676
2017-02-14,0.24094936979591863,0.230612895991808
2017-02-15,0.24662480176959423,0.23570128722613115
2017-02-16,0.24567888550621153,0.2396633003885097
2017-02-17,0.24722674251841759,0.2451279053086105
2017-02-21,0.2534181705672427,0.24501534464364239
2017-02-22,0.2520423341156266,0.24635021303311155
2017-02-23,0.25126837280621284,0.2519223263770699
2017-02-24,0.2529882503790093,0.2514489398707084
2017-02-27,0.2553100030940081,0.2507124496724359
2017-02-28,0.25144039336680324,0.2521159865225543
2017-03-01,0.26554306143062845,0.2543231764113195
2017-03-02,0.25874969263298,0.2512370071980329
2017-03-03,0.2596095986160676,0.26313057170083154
2017-03-06,0.25548195804797724,0.2587576012364977
2017-03-07,0.25212827878930066,0.25893743602192554
2017-03-08,0.2492045853254783,0.255362086626051
2017-03-09,0.24972051579400678,0.2519721503508795
2017-03-10,0.2535041808475378,0.24898127132864378
2017-03-13,0.2542780765503303,0.2490413198660727
2017-03-14,0.2504944771034203,0.2523480278194109
2017-03-15,0.2599535741306269,0.25345370579782556
2017-03-16,0.2586636823526849,0.2502989752114336
2017-03-17,0.2580617416038613,0.2581349919738397
2017-03-20,0.25556796832827233,0.2580315755755064
2017-03-21,0.24086335951562354,0.257493281129774
2017-03-22,0.2422392615738609,0.2552488712298707
2017-03-23,0.24189528605930155,0.24213579638933969
2017-03-24,0.2373377253029778,0.24162648461463554
2017-03-27,0.23613377819870984,0.2412602063403212
2017-03-28,0.24335713279121274,0.2372388496449146
2017-03-29,0.24524896531797813,0.23566508600690217
2017-03-30,0.2491185750451832,0.24175785049162235
2017-03-31,0.2473127527987129,0.24420131474598994
2017-04-03,0.2447329692428286,0.24789356792553485
2017-04-04,0.24524896531797813,0.24680029992232322
2017-04-05,0.2410353144695927,0.24440857439166896
2017-04-06,0.24430304905459543,0.24454676319374602
2017-04-07,0.24352908774518167,0.24089099619964294
2017-04-10,0.2448189795231237,0.24326362372444021
2017-04-11,0.2444750040085646,0.24289803263389398
2017-04-12,0.23914354754944833,0.24397501212281403
2017-04-13,0.23209221351753562,0.24381546298188816
2017-04-17,0.2410353144695927,0.23914630752659927
2017-04-18,0.238799572034889,0.23238993183302925
2017-04-19,0.2379396660518014,0.23930668991896276
2017-04-20,0.24645284681562507,0.23825881023967777
2017-04-21,0.2430991675569485,0.23737251777014412
2017-04-24,0.25410612159636115,0.24467944204360326
2017-04-25,0.2606415251597456,0.24270770875330816
2017-04-26,0.2608994903940096,0.25204743400453167
2017-04-27,0.2619313513310664,0.258962662333471
2017-04-28,0.25840571711842064,0.26008878421910053
2017-05-01,0.26115745562827386,0.26113519658792284
2017-05-02,0.26115745562827386,0.25819765576303044
2017-05-03,0.2585776720723898,0.26021400019206686
2017-05-04,0.25935163338180334,0.26047677484511167
2017-05-05,0.26459714516724575,0.2582617719186816
2017-05-08,0.2629632778747444,0.258647905010163
2017-05-09,0.26261930236018505,0.26327165641115824
2017-05-10,0.26494112068180486,0.2624497065976158
2017-05-11,0.26184540665739253,0.26204268461354585
2017-05-12,0.25978155357003674,0.2640139755030203
2017-05-15,0.26545705115033336,0.26157180356546383
2017-05-16,0.2648551104015098,0.2594541125499391
2017-05-17,0.24576489578650662,0.26412645361049136
2017-05-18,0.24886060981091895,0.2642105468834507
2017-05-19,0.2563419296376861,0.24757722867098353
2017-05-22,0.2619313513310664,0.248108611416351
2017-05-23,0.2637372391841579,0.254700636821798
2017-05-24,0.26683288760194945,0.26043300080108633
2017-05-25,0.2713045036845989,0.2627545638340377
2017-05-26,0.2711324831240087,0.2657561331877095
2017-05-30,0.2694126711578335,0.2700459940931762
2017-05-31,0.2690686956432742,0.27045507825779
2017-06-01,0.2789577784653352,0.2690089302995565
2017-06-02,0.28248347828460196,0.26852056137468583
2017-06-05,0.28110757622636484,0.27707895832168894
2017-06-06,0.2783558377165116,0.28126827723350745
2017-06-07,0.27955971921415856,0.28061462456907316
2017-06-08,0.2814515517409242,0.27813026752791303
2017-06-09,0.28059164575783635,0.2788561343573489
2017-06-12,0.28041962519724617,0.2806001721402339
2017-06-13,0.28575114726298345,0.28007772878887993
2017-06-14,0.2842032902507774,0.279859662371866
2017-06-15,0.2817955272554835,0.28447966329811736
2017-06-16,0.28110757622636484,0.28373221491175993
2017-06-19,0.28987872222445277,0.2815355377859766
2017-06-20,0.28248347828460196,0.28064945458022417
2017-06-21,0.2762920502357771,0.2881813195177526
2017-06-22,0.27672197042401026,0.28271516253210127
2017-06-23,0.2793877642601894,0.2766046501369407
2017-06-26,0.28016165996298215,0.27618315066571897
2017-06-27,0.2713045036845989,0.27845245840572963
2017-06-28,0.2813655414606291,0.2794229399974554
2017-06-29,0.2727663504165101,0.271827083854402
2017-06-30,0.2742281971484213,0.2796091398811965
2017-07-03,0.27680798070430535,0.2731258972094329
2017-07-05,0.2780118622019523,0.2735555334396197
2017-07-06,0.26743489395739384,0.2758607729481465
2017-07-07,0.27483013789724464,0.2772108310384821
2017-07-10,0.2756040992066584,0.26816498143015555
2017-07-11,0.27534613397239416,0.27343383244424035
2017-07-12,0.28299940875313045,0.2747952786292279
2017-07-13,0.28471922071930567,0.27474779204143884
2017-07-14,0.2895348123165147,0.2814143010559066
2017-07-17,0.2895348123165147,0.28378255662430096
2017-07-18,0.2902226977390121,0.28828978620770485
2017-07-19,0.2965001360681321,0.28887717875479
2017-07-20,0.29718808709725075,0.28955347908458007
2017-07-21,0.29572617475871854,0.2951147565189015
2017-07-24,0.29581218503901363,0.2964393221912299
2017-07-25,0.29942382953195446,0.2953373380845542
2017-07-26,0.29864993382916194,0.29526871517373576
2017-07-27,0.2967581013023963,0.29840867397199566
2017-07-28,0.2949522790559258,0.29814314046223045
2017-07-31,0.29435033830710244,0.2964590943784914
2017-08-01,0.29658614634842717,0.29466517466457465
2017-08-02,0.2955542198047494,0.2939065699306659
2017-08-03,0.2930604465291604,0.2957570515481943
2017-08-04,0.29538226485078023,0.29509849980729663
2017-08-07,0.2975320626118101,0.2928384176995317
2017-08-08,0.2945222932610716,0.2945682135229536
2017-08-09,0.29331841176342466,0.29666799903841257
2017-08-10,0.27732391117283384,0.29431750581359106
2017-08-11,0.2793017539798943,0.2929615501546522
2017-08-14,0.2903087080193072,0.27883963655600164
2017-08-15,0.2892767814756294,0.2787236675716357
2017-08-16,0.2912546242826899,0.2883052403041729
2017-08-17,0.27397023191415704,0.28865422217516656
2017-08-18,0.27216440966768674,0.29042413363936126
2017-08-21,0.2737122666798928,0.27558496608594385
2017-08-22,0.2844612554850414,0.2720766406235958
2017-08-23,0.28119358650665993,0.2729689651184787
2017-08-24,0.2794737089338635,0.2824570275887067
2017-08-25,0.28205349248974754,0.28084453545276344
2017-08-28,0.28248347828460196,0.2791348738111695
2017-08-29,0.28291339847283514,0.28116131509062325
2017-08-30,0.28858889605313176,0.28180029937621
2017-08-31,0.2959842055996038,0.2822584098679338
2017-09-01,0.29847791326857176,0.28726643531733964
2017-09-05,0.29005074278504295,0.2943668769195621
2017-09-06,0.2930604465291604,0.29746642375986554
2017-09-07,0.2925445160606319,0.29052292609457175
2017-09-08,0.2917705547512184,0.2922421183880014
2017-09-11,0.3034654598197497,0.2920163407052282
2017-09-12,0.3076790450615141,0.29131211945950797
2017-09-13,0.3081949755300424,0.3014168369816611
2017-09-14,0.3078510656221043,0.306407425933921
2017-09-15,0.30991491870945986,0.30750763777261125
2017-09-18,0.312580646939018,0.30735117352581176
2017-09-19,0.3130965774075465,0.3091302042847349
2017-09-20,0.31490233404739576,0.31168623299512166
2017-09-21,0.3118067512362255,0.31246916733217944
2017-09-22,0.30793701029577814,0.3141455948857227
2017-09-25,0.30613125365592886,0.3116651100801803
2017-09-26,0.3063892188901931,0.3079679178955631
2017-09-27,0.3124086263784278,0.30591169754285963
2017-09-28,0.31421451423151936,0.3058686395598714
2017-09-29,0.3178261587244602,0.3111111979678808
2017-10-02,0.3236735456521047,0.31336892840993225
2017-10-03,0.3259094193000507,0.31681206293866604
2017-10-04,0.3270272249107815,0.32235896959400867
2017-10-05,0.3329606877253424,0.32503125718880665
2017-10-06,0.33218679202254964,0.32635410243321983
2017-10-09,0.32995091837460366,0.33169973550087384
2017-10-10,0.33261677781740406,0.3317216505452961
2017-10-11,0.3341645692229893,0.32977510462882986
2017-10-12,0.332788667164752,0.33184572200209506
2017-10-13,0.3336486387544608,0.3334650499842987
2017-10-16,0.33442253445725334,0.3324764701788797
2017-10-17,0.33493846492578183,0.33309742375571616
2017-10-18,0.336400311657693,0.3338530880339484
2017-10-19,0.3366584081051993,0.3344013947289227
2017-10-20,0.3427637602671081,0.33574739867813796
2017-10-23,0.3379482342765203,0.33614784080877713
2017-10-24,0.3399260114769598,0.3415231301706617
2017-10-25,0.3339925486623989,0.3380251144098184
2017-10-26,0.3354545266075524,0.3392936190757264
2017-10-27,0.3446555927938737,0.33428569670064856
2017-10-30,0.33966804624269553,0.33490771447358025
2017-10-31,0.34198986456431557,0.34301095519332325
2017-11-01,0.34293578082769827,0.3397184719451293
2017-11-02,0.3431937460619625,0.3413137228725637
2017-11-03,0.346203515412701,0.34234634022237576
2017-11-06,0.34835331317373064,0.34270582668759875
2017-11-07,0.3463754047600489,0.34537681790480723
2017-11-08,0.3482672372868145,0.3475992621731502
2017-11-09,0.34362373185681694,0.3461644076890181
2017-11-10,0.34379562120416485,0.34762685529052206
2017-11-13,0.34439762755960945,0.34376888936896555
2017-11-14,0.34233377447225366,0.34341597635251786
2017-11-15,0.33648638754460913,0.34389485809797826
2017-11-16,0.34680539055490334,0.3421578455305535
2017-11-17,0.3446555927938737,0.3368332846212948
2017-11-20,0.34757928625769585,0.3451362544699236
2017-11-21,0.3554905262726962,0.34434396209928064
2017-11-22,0.3546306858962296,0.34678980344564525
2017-11-24,0.3572964141257877,0.35400616209517566
2017-11-27,0.3560925326281408,0.3541969414119378
2017-11-28,0.3675294724624081,0.35654598553395156
2017-11-29,0.3675294724624081,0.35580248441303797
2017-11-30,0.37647257341446494,0.3656771694989972
2017-12-01,0.3741508863060874,0.3669640612175068
2017-12-04,0.3726029636872601,0.37492903644983644
2017-12-05,0.3676154171360819,0.37394282984795113
2017-12-06,0.3669274661069635,0.37246471037518447
2017-12-07,0.37157110275020333,0.3679235621846185
2017-12-08,0.3776764549121119,0.36673194210642024
2017-12-11,0.38042825902858635,0.37062531729651005
2017-12-12,0.38171808519990735,0.37645581374483716
2017-12-13,0.38189010576049753,0.3796148861997056
2017-12-14,0.3763866287407911,0.3811511507643667
2017-12-15,0.3868776523116755,0.3815013406984443
2017-12-18,0.39504685756094005,0.3767486352188071
2017-12-19,0.39023133157035206,0.3852761109803696
2017-12-20,0.39014525568343594,0.3935099556355134
2017-12-21,0.38704967287226566,0.3903844733885772
2017-12-22,0.38661968707741123,0.3899021059404243
2017-12-26,0.38567377081402854,0.3871402819949036
2017-12-27,0.38610375660888296,0.3864054609454447
2017-12-28,0.38868340895152476,0.3854849768003562
2017-12-29,0.3842978687557914,0.3857399109728611
2018-01-02,0.39263909456564594,0.3880222685050744
2018-01-03,0.3995184736435895,0.3844960685276585
2018-01-04,0.40407603439991324,0.3913090307758834
2018-01-05,0.4111273028252047,0.39819486911688984
2018-01-08,0.41387910694167895,0.40306586990576554
2018-01-09,0.41611484937638266,0.40984849334763906
2018-01-10,0.41422301684961726,0.4131316491866658
2018-01-11,0.4244560751862374,0.4155088051563113
2018-01-12,0.4315934194984452,0.4141691604561143
2018-01-16,0.42617588715241284,0.42291652077217623
2018-01-17,0.43744080642608973,0.4302793677199056
2018-01-18,0.4352910086650601,0.4265155008612379
2018-01-19,0.44165445727447517,0.43584658452784575
2018-01-22,0.4514575298162411,0.4351882783194473
2018-01-23,0.45455324384065343,0.4406506169515526
2018-01-24,0.4533493623430065,0.4499095336242315
2018-01-25,0.453865292811535,0.4538152520934572
2018-01-26,0.46693609993830343,0.453274620361127
2018-01-29,0.45868081880212275,0.4536539907724414
2018-01-30,0.44561014288859657,0.4650995388167968
2018-01-31,0.4460399974702087,0.45939357725724916
2018-02-01,0.44552406700168024,0.4472539699798267
2018-02-02,0.41912461872712137,0.4460466877675807
2018-02-05,0.3713131375159391,0.4454395251826059
2018-02-06,0.39040335213094246,0.42234338412835937
2018-02-07,0.38515784034550005,0.377647815195722
2018-02-08,0.342677815593434,0.38846726308451063
2018-02-09,0.3583282750628445,0.38530384882227653
2018-02-12,0.37372090051123297,0.3478543214275013
2018-02-13,0.37741848967784786,0.35661905424911755
2018-02-14,0.3938429760632931,0.37118173698095946
2018-02-15,0.40837562992197274,0.3763034142481597
2018-02-16,0.408891560390501,0.3912909791533522
2018-02-20,0.40166827140461936,0.40591484812858625
2018-02-21,0.3960787184979968,0.40827049122161363
2018-02-22,0.3968527454140316,0.4022796802702234
2018-02-23,0.41534095367359014,0.3966255535426798
2018-02-26,0.4280677196791782,0.39656354929504
2018-02-27,0.412675225444032,0.41267487201707553
2018-02-28,0.3993464530829993,0.4258706835530789
2018-03-01,0.38515784034550005,0.4141700639757343
2018-03-02,0.39281111512623634,0.4010241912557394
2018-03-05,0.4062258321609429,0.3869402966414025
2018-03-06,0.41061137235667644,0.391777548612254
2018-03-07,0.4116432332937332,0.40410390444475885
2018-03-08,0.416200925263299,0.40953394561644896
2018-03-09,0.4363230008153589,0.41114125466583873
2018-03-12,0.43563504978624046,0.41532445975356913
2018-03-13,0.4279817750055044,0.4334135556925326
2018-03-14,0.4217903469566793,0.4351711611850363
2018-03-15,0.4201564796641779,0.42872751880752824
2018-03-16,0.4222203327515337,0.4224896182632981
2018-03-19,0.4065697420688812,0.420252152935492
2018-03-20,0.40837562992197274,0.4217599828374722
2018-03-21,0.4073436377716737,0.40831113076253145
2018-03-22,0.37311889415578836,0.40813295351250123
2018-03-23,0.3486112784079949,0.4072099650717885
2018-03-26,0.378794391736085,0.3772499868927158
2018-03-27,0.3579843651549064,0.35197796040582163
2018-03-28,0.35531863692534826,0.3750003481862102
2018-03-29,0.3711411169553489,0.3598569406302753
2018-04-02,0.34456964812019963,0.3555592355349303
2018-04-03,0.3587582608576989,0.3687943706387412
2018-04-04,0.37174299209755124,0.3473522093261351
2018-04-05,0.37991232856005785,0.35692851163057904
2018-04-06,0.3552325610384319,0.3694975776368835
2018-04-09,0.35910230197887927,0.3782582460488647
2018-04-10,0.3778484754727023,0.35788228866796323
2018-04-11,0.3724309431266697,0.3586007766297844
2018-04-12,0.38189010576049753,0.3750387282876818
2018-04-13,0.37853642650182073,0.3724575499901642
2018-04-16,0.38833949904358667,0.38036837060947837
2018-04-17,0.4008082998149105,0.3784753384827705
2018-04-18,0.4024421671074119,0.3867756862862969
2018-04-19,0.3959068291506487,0.3987286401766982
2018-04-20,0.38644766651682105,0.4017109044280148
2018-04-23,0.3860176807219666,0.3964015633701975
2018-04-24,0.37182906798446735,0.387462432083279
2018-04-25,0.37311889415578836,0.38592257010429865
2018-04-26,0.38421192408211735,0.3733511975580105
2018-04-27,0.38498581978490987,0.3728374342762907
2018-04-30,0.3763866287407911,0.38244221293766156
2018-05-01,0.3781923853806404,0.38436867000585984
2018-05-02,0.37139908218961315,0.3771223121824604
2018-05-03,0.36821742349152653,0.3777523438766076
2018-05-04,0.38326600781873466,0.3719115410584378
2018-05-07,0.3884254437172605,0.36837634606749525
2018-05-08,0.38885542951211494,0.3810361130684704
2018-05-09,0.400034404112118,0.3871843453290379
2018-05-10,0.41043935179608626,0.3883604909147419
2018-05-11,0.4128472460046224,0.39826043539137135
2018-05-14,0.41344912114682475,0.40862243086662076
2018-05-15,0.40613975627402676,0.41207221232912017
2018-05-16,0.41198727441491356,0.41304655558159464
2018-05-17,0.41233118432285165,0.4068006830530543
2018-05-18,0.4096654560932935,0.411085010380038
2018-05-21,0.41869463293226694,0.41194320018061215
2018-05-22,0.41422301684961726,0.4097308601315205
2018-05-23,0.41740480676094593,0.417314854813703
2018-05-24,0.4154268983472642,0.4144045290098536
2018-05-25,0.41310521123888644,0.4167993711516408
2018-05-29,0.40115234093609087,0.4153869839557002
2018-05-30,0.41663077984491115,0.41317869787023087
2018-05-31,0.4082895540350564,0.402469502287914
2018-06-01,0.4208444306932966,0.41456911638416327
2018-06-04,0.4265199282735932,0.40887346122298307
2018-06-05,0.4283256849134425,0.4190774711490065
2018-06-06,0.4391607496055072,0.42535560467398625
2018-06-07,0.43735486175241567,0.42774817925044106
2018-06-08,0.4415685126008013,0.43750680516737195
2018-06-11,0.4433742692406506,0.4372040636396558
2018-06-12,0.44595405279653466,0.44083838574331013
2018-06-13,0.4413105473665371,0.4428864127221669
2018-06-14,0.44483611597256156,0.44540256464295236
2018-06-15,0.4436322344749146,0.44168191989674865
2018-06-18,0.44225646362991977,0.4442708913941774
2018-06-19,0.4381287574552084,0.44355865816178663
2018-06-20,0.4409665062453567,0.44226633832687334
2018-06-21,0.43245339108815406,0.438499077147252
2018-06-22,0.42901363594256114,0.44048228070510753
2018-06-25,0.4118152538543234,0.43331836561348147
2018-06-26,0.4145670579707976,0.4293857117878431
2018-06-27,0.4033021386971207,0.4138783629808954
2018-06-28,0.4107833929172666,0.4142566382649361
2018-06-29,0.4116432332937332,0.404484336501577
2018-07-02,0.4145670579707976,0.4097335047942666
2018-07-03,0.41147134394638507,0.4111672616778145
2018-07-05,0.42170440228300543,0.41390332129486496
2018-07-06,0.4319373294063833,0.41156081578044257
2018-07-09,0.44311630400638635,0.4201774809639095
2018-07-10,0.446298093917715,0.43022225612871623
2018-07-11,0.43744080642608973,0.44127798085155356
2018-07-12,0.44758792008903603,0.445492910885423
2018-07-13,0.44836181579182854,0.4383197643392821
2018-07-16,0.4463840385913891,0.4462319562534195
2018-07-17,0.4520595361716857,0.44793783151582744
2018-07-18,0.4548112090749177,0.4464357709698318
2018-07-19,0.45180157093742146,0.45118834241201144
2018-07-20,0.4495656972894755,0.4542068227942716
2018-07-23,0.4515436057031572,0.4519761704033226
2018-07-24,0.4542952786063894,0.44973606470720473
2018-07-25,0.46495832273786397,0.451168617513365
2018-07-26,0.4628944696505082,0.4537544254153586
2018-07-27,0.4528334318744782,0.46338825354922253
2018-07-30,0.44466422662521365,0.46284433469446606
2018-07-31,0.4517154950505051,0.454001484430283
2018-08-01,0.45025364831859416,0.4457265394431166
2018-08-02,0.457648957865066,0.4507959529341007
2018-08-03,0.4618626087134514,0.4501820632266341
2018-08-06,0.46753797508050576,0.4565498438888299
2018-08-07,0.47166568125521735,0.4610534838177728
2018-08-08,0.4704617997575704,0.4665886175856141
2018-08-09,0.46960182816786156,0.47090881205535384
2018-08-10,0.46169058815286124,0.47042219579065037
2018-08-13,0.45687506216227347,0.469608991262083
2018-08-14,0.4651302120852119,0.4626054016053728
2018-08-15,0.45515525019609804,0.4574941418013233
2018-08-16,0.46495832273786397,0.4640254880014084
2018-08-17,0.46960182816786156,0.4561797499839372
2018-08-20,0.47200959116315544,0.4637043274366258
2018-08-21,0.47673917248006936,0.46873350317556917
2018-08-22,0.4771691582749238,0.4714881848780045
2018-08-23,0.47467531939271357,0.47597078420809236
2018-08-24,0.4825865594077139,0.4769298606715252
2018-08-27,0.49178775680727727,0.47488053439872246
2018-08-28,0.4925616525100698,0.48151107244414637
2018-08-29,0.4993550869143395,0.49039747177511084
2018-08-30,0.49402349924198097,0.49223030799332756
2018-08-31,0.49453956092375173,0.4983921918355104
2018-09-04,0.4927336730706602,0.49454674569401436
2018-09-05,0.48852002222227453,0.49449553947646907
2018-09-06,0.4846504124950697,0.49291435801634675
2018-09-07,0.4817267190312473,0.48903451872705495
2018-09-10,0.4844783919344793,0.48515507384255663
2018-09-11,0.4887779874565388,0.4821004009301869
2018-09-12,0.4888640633434551,0.4841014232348687
2018-09-13,0.49531345662654425,0.48811091014756347
2018-09-14,0.496345317563601,0.4887084831211165
2018-09-17,0.48817611231433644,0.49440942381956454
2018-09-18,0.49505549139228,0.49605203711962187
2018-09-19,0.4952273807396279,0.4891435819099105
2018-09-20,0.505202473841984,0.49424121350415817
2018-09-21,0.503912647670663,0.4950554145958638
2018-09-24,0.4991830663537493,0.5038585556671468
2018-09-25,0.49849511532463064,0.5038812343384312
2018-09-26,0.4935075687734527,0.49976058701320636
2018-09-27,0.4965173381241912,0.4986237675769042
2018-09-28,0.49092778521756864,0.49412709839368196
2018-10-01,0.49290569363125036,0.49616522421484166
2018-10-02,0.49101386110448475,0.4915574470317231
2018-10-03,0.4927336730706602,0.49268143943294407
2018-10-04,0.4818126637049214,0.4911784795683537
2018-10-05,0.47355751378198274,0.49248207112431996
2018-10-08,0.47261159751860005,0.48313020509935434
2018-10-09,0.47037572387065407,0.4747139910081818
2018-10-10,0.4300456280928602,0.47279245001865233
2018-10-11,0.40390401383932306,0.47059262843277405
2018-10-12,0.4197264938693237,0.4351431475949924
2018-10-15,0.4143090927365334,0.4077310743160377
2018-10-16,0.4409665062453567,0.4179538916866622
2018-10-17,0.4406225963374184,0.414562857166379
2018-10-18,0.4227362632200622,0.4373628573515863
2018-10-19,0.41955460452197557,0.44003435953343295
2018-10-22,0.41473894731814553,0.42478787237786986
2018-10-23,0.40760173421918,0.42002690692687306
2018-10-24,0.370195200691966,0.415207796676348
2018-10-25,0.39212316409711767,0.4083570027320881
2018-10-26,0.37157110275020333,0.3748503767700778
2018-10-29,0.3651217094671142,0.3896021552110257
2018-10-30,0.38326600781873466,0.37360581617709865
2018-10-31,0.3955627880294683,0.3658980727962501
2018-11-01,0.4090635809510912,0.3807131387841053
2018-11-02,0.4041619790735873,0.3933651253673126
2018-11-05,0.4100094972144741,0.40678496282351373
2018-11-06,0.4168887450791754,0.4042602837120687
2018-11-07,0.44165445727447517,0.40902956554137304
2018-11-08,0.4392466942791813,0.4156489523386099
2018-11-09,0.42660587294726726,0.4381042069576021
2018-11-12,0.40313011813653055,0.43893135956255913
2018-11-13,0.4014103061703551,0.4280179421660738
2018-11-14,0.39263909456564594,0.4061277609461452
2018-11-15,0.4060538116003527,0.4017755213300601
2018-11-16,0.40863359515623676,0.3935609288889085
2018-11-19,0.38773749268814206,0.4041863382771599
2018-11-20,0.36666950087269923,0.40782031444176237
2018-11-21,0.37234499845299585,0.39007511700128317
2018-11-23,0.3660676257304969,0.3693938703903078
2018-11-26,0.38412584819520124,0.37164696610238324
2018-11-27,0.3855876949271122,0.366467511512354
2018-11-28,0.41310521123888644,0.3815370225238973
2018-11-29,0.41086933759094046,0.3847754632865509
2018-11-30,0.41955460452197557,0.4091893339465017
2018-12-03,0.43374321725947484,0.4104216039017955
2018-12-04,0.39358501082902886,0.41815466170924764
2018-12-06,0.39212316409711767,0.4315331458093107
2018-12-07,0.36408971731681516,0.39826373166558937
2018-12-10,0.3653796747013782,0.39265343758157967
2018-12-11,0.3651217094671142,0.367480634745737
2018-12-12,0.37174299209755124,0.36532473842778945
2018-12-13,0.3689053745206452,0.3648188636586268
2018-12-14,0.3487831677553428,0.37052586649800967
2018-12-17,0.3243614966812234,0.3687955689452832
2018-12-18,0.3240175867732853,0.3510260271679556
2018-12-19,0.30681920468504753,0.3274176194450741
2018-12-20,0.28901881624136516,0.32404107095125345
2018-12-21,0.2659729816188616,0.30860619507279996
2018-12-24,0.23338203968885662,0.29107497599573084
2018-12-26,0.28291339847283514,0.2686971841957585
2018-12-27,0.292630460734306,0.23736563714787573
2018-12-28,0.2912546242826899,0.2764675822781283
2018-12-31,0.3015736272929841,0.2900354998008793
2019-01-02,0.30243359888269294,0.2906041449229634
2019-01-03,0.2769799356582745,0.29967513096362175
2019-01-04,0.3124945710521019,0.30160707034571954
2019-01-07,0.3236735456521047,0.2796664370825347
2019-01-08,0.3351964301600461,0.3077713995499648
2019-01-09,0.3405280178324044,0.32118076950524854
2019-01-10,0.3461174395257849,0.33297482236480247
2019-01-11,0.3463754047600489,0.33916032756017234
2019-01-14,0.33915211577416726,0.34483971288877935
2019-01-15,0.35153497187181726,0.345804776866368
2019-01-16,0.35480270645682,0.33963274243979724
2019-01-17,0.36408971731681516,0.3496246891266529
2019-01-18,0.37913830164402307,0.35377591815212883
2019-01-22,0.3630578563797584,0.3624140268129846
2019-01-23,0.36426173787740534,0.37666024680157706
2019-01-24,0.36666950087269923,0.364496711694586
2019-01-25,0.37759051023843804,0.3639611657309586
2019-01-28,0.36899131919431905,0.36599064007614535
2019-01-29,0.3673574519018177,0.3757768789310395
2019-01-30,0.384899875111236,0.3695548259844582
2019-01-31,0.39530482279520407,0.3673194259521012
2019-02-01,0.3970246347613795,0.3823229005555998
2019-02-04,0.40553788113182443,0.39334999983904784
2019-02-05,0.4105254276830024,0.396286537581113
2019-02-06,0.40932154618535543,0.4040917190989549
2019-02-07,0.39788460635108835,0.40945742459716417
2019-02-08,0.3990884878487353,0.40910706173927147
2019-02-11,0.401582195517703,0.39908982177857466
2019-02-12,0.4165448351712371,0.3988339859449618
2019-02-13,0.4203285002247683,0.40097484575587383
2019-02-14,0.41817870246373845,0.4142993963032485
2019-02-15,0.43150747482477114,0.41933476472911424
2019-02-19,0.433915237820065,0.4181166310102419
2019-02-20,0.4364950213759493,0.42957890202692683
2019-02-21,0.43228137052756366,0.4331719595322602
2019-02-22,0.4403646311031544,0.43588946339207546
2019-02-25,0.44217038774300366,0.43256983868082355
2019-02-26,0.4398487006346259,0.4391848089014968
2019-02-27,0.44027855521623804,0.4416212808124388
2019-02-28,0.43769890287359625,0.4399145869162132
2019-03-01,0.44595405279653466,0.4400669460204566
2019-03-04,0.440192610542564,0.4378376678867547
2019-03-05,0.43787079222094416,0.4447446005801995
2019-03-06,0.42849770547403265,0.4406214715359046
2019-03-07,0.41895259816653097,0.4380598009238109
2019-03-08,0.41645889049756324,0.42955379978037145
2019-03-11,0.43425914772800334,0.420123139386842
2019-03-12,0.43838672268947243,0.41671991306321854
2019-03-13,0.446298093917715,0.43179599284376813
2019-03-14,0.445266101767416,0.43735947098530337
2019-03-15,0.4510275440213867,0.44498224164869493
2019-03-18,0.45567118066462653,0.44507589071884157
2019-03-19,0.4554132154303623,0.4501113517127521
2019-03-20,0.45025364831859416,0.4548162544596629
2019-03-21,0.46487224685094763,0.45520449483666126
2019-03-22,0.4385587432500626,0.45075659456770667
2019-03-25,0.4310774890299167,0.4629225219256218
2019-03-26,0.4405365204505023,0.4415659323877067
2019-03-27,0.43486115408344794,0.4322599752381292
2019-03-28,0.44027855521623804,0.4392942927773774
2019-03-29,0.4484478916787449,0.4352628122182286
2019-04-01,0.4628944696505082,0.4394607160209075
2019-04-02,0.46280852497683433,0.4471304352815618
2019-04-03,0.46581816311433055,0.4607255783485612
2019-04-04,0.4684838913438887,0.46242239572873334
2019-04-05,0.47484733995330375,0.46526755659139163
2019-04-08,0.4759652767772766,0.46796252583399867
2019-04-09,0.46831200199654055,0.47386187105114586
2019-04-10,0.4741593889241851,0.4756053882837995
2019-04-11,0.47407344425051123,0.46915990989179834
2019-04-12,0.4825865594077139,0.473418109721104
2019-04-15,0.4815546984706571,0.4738981151397613
2019-04-16,0.4818987395918375,0.4813830413021448
2019-04-17,0.4771691582749238,0.48145884056075283
2019-04-18,0.4790609908016892,0.48176867968561743
2019-04-22,0.4794049007096275,0.47768545577251975
2019-04-23,0.4922177426021317,0.4788027617663647
2019-04-24,0.4904979306359565,0.47924821804779605
2019-04-25,0.4883481328749266,0.4904774651627214
2019-04-26,0.49531345662654425,0.4904414257773152
2019-04-29,0.49720528915330964,0.48856237450444484
2019-04-30,0.4972912338269837,0.49439038260790447
2019-05-01,0.48766018184580817,0.4967993432004846
2019-05-02,0.4855103840847783,0.4971882174937582
2019-05-03,0.4993550869143395,0.48884182477015237
2019-05-06,0.4952273807396279,0.48587974909744325
2019-05-07,0.47295550742653814,0.497564572364117
2019-05-08,0.47089178555242484,0.49548852238181207
2019-05-09,0.4668501552646296,0.4757996812154265
2019-05-10,0.4726975421922741,0.47143447891926316
2019-05-13,0.4406225963374184,0.4673418000137025
2019-05-14,0.45180157093742146,0.4719066220945588
2019-05-15,0.4591968804838933,0.44453618256747396
2019-05-16,0.47054774443124425,0.4507158702811195
2019-05-17,0.46160464347918717,0.45796900560993803
2019-05-20,0.45266141131388804,0.4688107833893519
2019-05-21,0.46487224685094763,0.4624264443188387
2019-05-22,0.4603146860946241,0.4537970435980282
2019-05-23,0.4443201855040333,0.46331876025055185
2019-05-24,0.4473299548547718,0.46058602984279295
2019-05-28,0.436408945489033,0.44628469178583485
2019-05-29,0.4279817750055044,0.4470450505626281
2019-05-30,0.43038953800079827,0.4376223891898964
2019-05-31,0.41387910694167895,0.4290469684904471
2019-06-03,0.41147134394638507,0.43002866783062654
2019-06-04,0.4385587432500626,0.4157615760343746
2019-06-05,0.44801790588389045,0.41180298782080016
2019-06-06,0.45498322963550786,0.4349039168883867
2019-06-07,0.4663340935828588,0.4461616889288681
2019-06-10,0.47338549322139256,0.453701718122855
2019-06-11,0.4721816117237456,0.46458088457197955
2019-06-12,0.4704617997575704,0.4721466204111898
2019-06-13,0.47630918668521494,0.47208297057772886
2019-06-14,0.47355751378198274,0.4705752148353598
2019-06-17,0.46977384872845174,0.4754769100602948
2019-06-18,0.4836185515580129,0.473716595960204
2019-06-19,0.48800409175374626,0.47018830548015134
2019-06-20,0.49978494149595165,0.481799338328181
2019-06-21,0.49995696205654183,0.4871361569599352
2019-06-24,0.4927336730706602,0.4981030897185931
2019-06-25,0.48052283753360037,0.4996823060664978
2019-06-26,0.4781150745383065,0.49359030939225856
2019-06-27,0.48576834931904256,0.482150066302926
2019-06-28,0.49471145027109964,0.47855987952785284
2019-07-01,0.5038265717837469,0.4847646956890813
2019-07-02,0.5068363411344854,0.4933705861690868
2019-07-03,0.5166394136762511,0.5024393705834463
2019-07-05,0.5158655179734586,0.5062453775816355
2019-07-08,0.5088141183349248,0.5152884372984482
2019-07-09,0.5111359366565449,0.515792209505218
2019-07-10,0.5164673931156609,0.5097099244658111
2019-07-11,0.5182732809687525,0.5109416019941809
2019-07-12,0.5249806394861058,0.515750479691847
2019-07-15,0.524120667896397,0.5179516918642263
2019-07-16,0.5207669886377204,0.5240865359112906
2019-07-17,0.5120818529199276,0.5241362553509793
2019-07-18,0.5168973789105153,0.5212187464011254
2019-07-19,0.5094161246903695,0.5132661787654672
2019-07-22,0.512511838714782,0.5164283176818402
2019-07-23,0.5212829191062489,0.5103176977325418
2019-07-24,0.5293661796818394,0.5122204227671435
2019-07-25,0.5223149112565477,0.520115674421138
2019-07-26,0.5318600185640494,0.5281921931765653
2019-07-29,0.5286782286527207,0.5230969203217496
2019-07-30,0.5273884024813997,0.5307550313410799
2019-07-31,0.5129418245096364,0.5289789315107564
2019-08-01,0.5008169336462507,0.5276228991258521
2019-08-02,0.4903259100753663,0.5148505702836036
2019-08-05,0.45214548084535955,0.5026146639069643
2019-08-06,0.4683979466702146,0.4918731930947745
2019-08-07,0.46977384872845174,0.45718478497953197
2019-08-08,0.49385160989463306,0.46683422741230596
2019-08-09,0.4846504124950697,0.4692913793492498
2019-08-12,0.46882793246506904,0.4906043947485236
2019-08-13,0.4868861549297734,0.48535966370375505
2019-08-14,0.44982366252373973,0.4708809363297889
2019-08-15,0.45214548084535955,0.4847385446801701
2019-08-16,0.47106367489977274,0.4542306462224749
2019-08-19,0.48611225922698065,0.4522791215166585
2019-08-20,0.47630918668521494,0.4685190913655469
2019-08-21,0.48705817549036357,0.48375600342411273
2019-08-22,0.48594036987963274,0.4771946608068388
2019-08-23,0.45360732757727074,0.4857113442006039
2019-08-26,0.466248148909185,0.48584667144255167
2019-08-27,0.46040076198154023,0.45767394214558654
2019-08-28,0.4693438629335973,0.4650236209644384
2019-08-29,0.48611225922698065,0.46088325861866364
2019-08-30,0.48568227343212644,0.4681409415931871
2019-09-03,0.47734117883551397,0.48370672207426
2019-09-04,0.49092778521756864,0.4853603966731571
2019-09-05,0.5081261673058064,0.4783035170035316
2019-09-06,0.5083841325400704,0.48922966818221225
2019-09-09,0.5091581594561052,0.5056484256820654
2019-09-10,0.5104479856274262,0.5080130693919555
2019-09-11,0.5211110297589008,0.5089960897885178
2019-09-12,0.5250665841597799,0.5102487662338112
2019-09-13,0.5237767579884589,0.5197088576037804
2019-09-16,0.5150916222706661,0.5243904667971312
2019-09-17,0.5182732809687525,0.5238760179352221
2019-09-18,0.5181012604081623,0.5162366226285383
2019-09-19,0.5172414200316957,0.5180150471321455
2019-09-20,0.511479846564483,0.518096835116782
2019-09-23,0.5121677975936016,0.5173578207415074
2019-09-24,0.500043037943458,0.512238139852142
2019-09-25,0.5082122431927225,0.5121707384194082
2019-09-26,0.5042565575786013,0.5015906818652432
2019-09-27,0.4965173381241912,0.5073343888720253
2019-09-30,0.5025367456124259,0.5046340593216828
2019-10-01,0.4855963287584524,0.4975345155782872
2019-10-02,0.4647863021772738,0.5018574564989745
2019-10-03,0.47501936051389393,0.4876509092183018
2019-10-04,0.4916157362466871,0.46765574104398155
2019-10-07,0.4865422450218351,0.4739718705456609
2019-10-08,0.46581816311433055,0.48926496521276774
2019-10-09,0.4774271235091878,0.48683454730445674
2019-10-10,0.4855963287584524,0.4684490044472297
2019-10-11,0.4993550869143395,0.4761745183900351
2019-10-14,0.49815120541669256,0.4843038495326836
2019-10-15,0.5108779714222806,0.4973591975008743
2019-10-16,0.5084702084269868,0.4980109665719269
2019-10-17,0.5127698039490463,0.5091920534466249
2019-10-18,0.5075242921636038,0.5085499305276616
2019-10-21,0.5160375385340488,0.5122149566631754
2019-10-22,0.5120818529199276,0.5081191616693165
2019-10-23,0.5147475811494857,0.5150078733776523
2019-10-24,0.5183592256424265,0.5124567634788991
2019-10-25,0.5236047374278687,0.5144484782791373
2019-10-28,0.5316020533297852,0.517856945036346
2019-10-29,0.5313440880955211,0.522874573926207
2019-10-30,0.5345257467936075,0.5305011412540418
2019-10-31,0.5298821101503677,0.5312701396927634
2019-11-01,0.5440708541011092,0.5341443654480292
2019-11-04,0.5489723247653711,0.5304702713076627
2019-11-05,0.5477684432677241,0.5423622634774371
2019-11-06,0.5471665681255216,0.5481855241601871
2019-11-07,0.5517241288818453,0.5478947909484676
2019-11-08,0.5555077939353763,0.5473321421446681
2019-11-11,0.5528420657058182,0.5512324389223645
2019-11-12,0.5551637528141959,0.5550396168769632
2019-11-13,0.5557657591696405,0.5532115957606133
2019-11-14,0.5571416612278777,0.5549975843666818
2019-11-15,0.5674606642381719,0.5557552127010982
2019-11-18,0.5682345599409644,0.5570535629318513
2019-11-19,0.5686645457358188,0.5662196458240168
2019-11-20,0.5643649502137593,0.5680889310485139
2019-11-21,0.5609251950681666,0.5687074343948221
2019-11-22,0.5639349644189051,0.565039330102164
2019-11-25,0.5768337509850834,0.5615622583966141
2019-11-26,0.5797574444489055,0.5637332605109228
2019-11-27,0.586292913618911,0.5752623177325763
2019-11-29,0.5801014855700861,0.5793139057547244
2019-12-02,0.567632684798762,0.5855400290532048
2019-12-03,0.5595494242231716,0.5809532815717763
2019-12-04,0.5683205046146385,0.5694842926340559
2019-12-05,0.5702984130283202,0.5609420361994496
2019-12-06,0.5824231726784637,0.567476073795912
2019-12-09,0.5780376324827303,0.5700520931776584
2019-12-10,0.5768337509850834,0.5809590786045308
2019-12-11,0.5801014855700861,0.5785568600114578
2019-12-12,0.591366404843763,0.5771941633833167
2019-12-13,0.591366404843763,0.579865629123027
2019-12-16,0.601513387293467,0.5900353801653152
2019-12-17,0.6020294489752376,0.5913607255592898
2019-12-18,0.6026313241174399,0.6003803461279472
2019-12-19,0.608736807492591,0.6020057450540853
2019-12-20,0.6159600964784726,0.6027423305697811
2019-12-23,0.6168199368549392,0.6081615413138356
2019-12-24,0.6095107031953835,0.6151655891359175
2019-12-26,0.6163040063864109,0.6168280459641925
2019-12-27,0.6150141802150899,0.6106719643842625
2019-12-30,0.6073609054343538,0.6157925996454744
2019-12-31,0.6110584946009687,0.6153353656725485
2020-01-02,0.6227533996695,0.608603080311383
2020-01-03,0.6137242228305266,0.6109495482583608
2020-01-06,0.6185398800343569,0.621451838627005
2020-01-07,0.6151862007756801,0.6149482093762483
2020-01-08,0.6221515245272977,0.6182992916838198
2020-01-09,0.6310086808056807,0.6158120239515331
2020-01-10,0.6268811058442114,0.6215607678842502
2020-01-13,0.636598102499061,0.6300322889833939
2020-01-14,0.6358242067962685,0.627537588458467
2020-01-15,0.6393499066155355,0.6356844780512186
2020-01-16,0.6516466868262691,0.6360714593020248
2020-01-17,0.65525833131921,0.6391958604877189
2020-01-21,0.6521626172947974,0.6503242926905272
2020-01-22,0.6530225888845063,0.6549234775169582
2020-01-23,0.6546564561770076,0.6528237787737515
2020-01-24,0.6408976980211205,0.6532999287698288
2020-01-27,0.6193137757371494,0.6547865094871393
2020-01-28,0.6329864580061202,0.6429843293142535
2020-01-29,0.6320405417427375,0.6226277636257534
2020-01-30,0.6354802968883304,0.631895716469233
2020-01-31,0.6101986542245021,0.6322788168711849
2020-02-03,0.6225815103221521,0.635327779298776
2020-02-04,0.6449393283089158,0.6136826994486683
2020-02-05,0.6591280722596573,0.6216581631953252
2020-02-06,0.6631695713342103,0.6421907625567483
2020-02-07,0.6548284767375978,0.6572374268126479
2020-02-10,0.6654913896558301,0.662722024056759
2020-02-11,0.6695330199436254,0.656164399055354
2020-02-12,0.678734217343189,0.6646065195389287
2020-02-13,0.6781322109877443,0.6692305118187133
2020-02-14,0.6805399739830382,0.6778554134810298
2020-02-18,0.6771003500506876,0.678454556360285
2020-02-19,0.6845816042708335,0.6806319059705844
2020-02-20,0.6801099881881838,0.6779167416911606
2020-02-21,0.6649754591873018,0.6840856124052846
2020-02-24,0.6169060127418555,0.680990864384493
2020-02-25,0.5737380369606708,0.6673921349333157
2020-02-26,0.5661707068536088,0.623709377177068
2020-02-27,0.5064924312265473,0.5803794683734914
2020-02-28,0.49772121962183813,0.5681348502170226
2020-03-02,0.5512941430869909,0.5145071175060602
2020-03-03,0.5165534690025773,0.49987082923995085
2020-03-04,0.5690084556437571,0.5446722774531899
2020-03-05,0.5235187927541947,0.5202213864549404
2020-03-06,0.49901104579315914,0.5627690720527093
2020-03-09,0.39504685756094005,0.5286526928306613
2020-03-10,0.4541232580457992,0.5028388801791005
2020-03-11,0.3908332067125544,0.4088310066634616
2020-03-12,0.2754320786460682,0.44808690999885303
2020-03-13,0.3729468735951982,0.39802182764587346
2020-03-16,0.23991744325224085,0.2908818929054616
2020-03-17,0.29185656503151347,0.36193986403223233
2020-03-18,0.22916845444709222,0.2552152918888303
2020-03-19,0.2367357189475332,0.2865911121603707
2020-03-20,0.19459973531664765,0.23602389620370456
2020-03-23,0.16639439918899712,0.23603156745670895
2020-03-24,0.2577177660893022,0.19929526402544395
2020-03-25,0.2722504199479818,0.16991618192173097
2020-03-26,0.3314988409934312,0.24570997635994607
2020-03-27,0.2955542198047494,0.26825825330755226
2020-03-30,0.3286610922032829,0.32285400319273194
2020-03-31,0.312580646939018,0.29862983699573953
2020-04-01,0.2614154208625381,0.324337936258961
2020-04-02,0.28342932894136363,0.3136681396751405
2020-04-03,0.26502706535547893,0.26766795489020245
2020-04-06,0.3392380604478413,0.280866476948478
2020-04-07,0.3405280178324044,0.26654206850008777
2020-04-08,0.38042825902858635,0.32937797660631263
2020-04-09,0.4024421671074119,0.33869157833130437
2020-04-13,0.3881674784829965,0.3746933640056841
2020-04-14,0.4241121652782993,0.3985785718435003
2020-04-15,0.39547684335579425,0.38924560559423316
2020-04-16,0.40106626504917475,0.4193685792721925
2020-04-17,0.4349470987571218,0.39832785846366703
2020-04-20,0.41499704376565205,0.40045905927138226
2020-04-21,0.37741848967784786,0.43027664808141297
2020-04-22,0.40390401383932306,0.4167685943599567
2020-04-23,0.40407603439991324,0.38224439856545434
2020-04-24,0.42196236751726945,0.40083718742718666
2020-04-27,0.4435462898012408,0.40341022291769313
2020-04-28,0.4396766800740357,0.419340190309761
2020-04-29,0.47467531939271357,0.4402346987419429
2020-04-30,0.4581648883335945,0.4395839039497472
2020-05-01,0.4235101589228547,0.4700135232478141
2020-05-04,0.42815379556609456,0.4595841522488583
2020-05-05,0.43950465951344553,0.42801038659778656
2020-05-06,0.4327113563224181,0.42794429055533245
2020-05-07,0.44879180158668297,0.43783220923386856
2020-05-08,0.4721816117237456,0.4331979155840818
2020-05-11,0.4723536322843358,0.446614099084076
2020-05-12,0.4453521776543323,0.4687555135537823
2020-05-13,0.42041444489844215,0.4717910141120093
2020-05-14,0.4334852520252108,0.4486447191306814
2020-05-15,0.44088056157168265,0.42388565935231093
2020-05-18,0.4818987395918375,0.43205510923800816
2020-05-19,0.46831200199654055,0.43956755495887767
2020-05-20,0.4917018121336034,0.4763093107994717
2020-05-21,0.483962461465951,0.4692516466963653
2020-05-22,0.48757410595889183,0.4887248621605237
2020-05-26,0.5054604390762483,0.4845149115050874
2020-05-27,0.5260125004231626,0.48711516292718426
2020-05-28,0.5214549396668391,0.503048677162181
2020-05-29,0.5258406110758147,0.5230439942577846
2020-06-01,0.5347837120278718,0.5216762075981908
2020-06-02,0.5448447498039017,0.525321710961053
2020-06-03,0.5657408522719967,0.5335940658987476
2020-06-04,0.5614412567499372,0.5434441037649237
2020-06-05,0.5962678755080248,0.5629465689903926
2020-06-08,0.6151862007756801,0.5617394661315419
2020-06-09,0.6022874142095018,0.5919466056848489
2020-06-10,0.5918823353122913,0.6123776811773235
2020-06-11,0.5100179998325718,0.6037941788002125
2020-06-12,0.5280763535105184,0.5936036306918436
2020-06-15,0.5422649662480177,0.520900122170927
2020-06-16,0.5679765947067004,0.5271698572535745
2020-06-17,0.5613551808630208,0.5403576377636331
2020-06-18,0.5624731176869939,0.5644936211617916
2020-06-19,0.5548198429062579,0.5618660341375389
2020-06-22,0.5641929296531691,0.5624983019085411
2020-06-23,0.5695243861122854,0.5559080029256099
2020-06-24,0.5324618937062517,0.563221298298955
2020-06-25,0.5424369868086079,0.568822746450434
2020-06-26,0.5113079572171351,0.5372388861677121
2020-06-29,0.5304841165058123,0.5418198372131279
2020-06-30,0.5500902615893439,0.5152762202222637
2020-07-01,0.5579155569306702,0.5285362053196981
2020-07-02,0.5633330892767028,0.5473583813640467
2020-07-06,0.5847449910000837,0.5566340086968892
2020-07-07,0.5707282676099323,0.5625662398703591
2020-07-08,0.5819072422099354,0.5820078398814365
2020-07-09,0.5733941270527327,0.572320685811372
2020-07-10,0.5880986702587603,0.580804900040302
2020-07-13,0.5731361618184685,0.5744882116421576
2020-07-14,0.5911084396094988,0.5864855272210315
2020-07-15,0.6083068216977365,0.5750036106761153
2020-07-16,0.6020294489752376,0.5891768373235279
2020-07-17,0.6073609054343538,0.6060187611819751
2020-07-20,0.6181098942395025,0.6027405562987361
2020-07-21,0.6221515245272977,0.6069616957266316
2020-07-22,0.6295468340737695,0.6168835770308226
2020-07-23,0.6139823192780332,0.621700415151143
2020-07-24,0.6030613099122943,0.6287759407800112
2020-07-27,0.615100124888764,0.6161277310424801
2020-07-28,0.6047811218784698,0.6049576341183417
2020-07-29,0.6233554060249447,0.6139982609907307
2020-07-30,0.620173616113616,0.6061795774228044
2020-07-31,0.6273970363127399,0.6213550792175219
2020-08-03,0.6397798924103899,0.620558663078317
2020-08-04,0.6454552587774443,0.6267527904813891
2020-08-05,0.6559462823483286,0.6383563238780777
2020-08-06,0.6629976819868624,0.6448167321257033
2020-08-07,0.6642015634845093,0.6548055267109757
2020-08-10,0.6682431937723046,0.6622552272368561
2020-08-11,0.6564622128168569,0.664275723343371
2020-08-12,0.6758964685530406,0.6680628347344711
2020-08-13,0.6747785317290678,0.6582848391627175
2020-08-14,0.6743485459342133,0.6739547864769363
2020-08-17,0.6806260498699546,0.6750222291575457
2020-08-18,0.6828617923046583,0.6747864469600843
2020-08-19,0.6771003500506876,0.680228916898146
2020-08-20,0.6813138696858307,0.6828874796577314
2020-08-21,0.6850115900656879,0.678210693252472
2020-08-24,0.6992002028031872,0.681274865345337
2020-08-25,0.7041877493543651,0.6848981446070629
2020-08-26,0.7177744869496621,0.6977410328952734
2020-08-27,0.7213861314426029,0.7037632639501591
2020-08-28,0.7319630996871613,0.7163940293833017
2020-08-31,0.7285234757548107,0.7211890017387249
2020-09-01,0.7420242686764336,0.7310356858771453
2020-09-02,0.7625763300233479,0.7293200069488796
2020-09-03,0.7084014002027506,0.7408674171225825
2020-09-04,0.6955885583102464,0.7602911270283
2020-09-08,0.6537105399136249,0.715588712453547
2020-09-09,0.6820878966018655,0.6985917965351797
2020-09-10,0.657838114875094,0.659864329505737
2020-09-11,0.6583540453436225,0.6795587795176595
2020-09-14,0.6810559044515667,0.6609826315415867
2020-09-15,0.6894832061483376,0.659011571909707
2020-09-16,0.6845816042708335,0.6785478782115563
2020-09-17,0.6723707687337737,0.6884414468285266
2020-09-18,0.6580960801093583,0.6854572162349896
2020-09-21,0.6405537881131824,0.6744219843837375
2020-09-22,0.6548284767375978,0.6605381059533341
2020-09-23,0.6198297062056777,0.643434044232119
2020-09-24,0.6228394755564162,0.6536507450717549
2020-09-25,0.6397798924103899,0.6244676622947353
2020-09-28,0.6658354307770107,0.6232885978017727
2020-09-29,0.6576660943145038,0.6379048623041731
2020-09-30,0.6685871036802427,0.6625268554176963
2020-10-01,0.6807979392173025,0.6586130115441459
2020-10-02,0.6692750547093613,0.6676247034712569
2020-10-05,0.6956746341971625,0.6794454479749418
2020-10-06,0.6772723706112778,0.6709394417793232
2020-10-07,0.7029838678567182,0.6928480480765579
2020-10-08,0.7161406196571607,0.6796587578802499
2020-10-09,0.728867516875991,0.7003571062314099
2020-10-12,0.7514833000970189,0.7145256033068069
2020-10-13,0.7433140948477546,0.7274683357284478
2020-10-14,0.7330810365111342,0.7488731943839501
2020-10-15,0.7335969669796627,0.7445402005348486
2020-10-16,0.7308452940764305,0.7350535688893577
2020-10-19,0.7090032753449529,0.734267075974215
2020-10-20,0.7142487871303951,0.7317654640861876
2020-10-21,0.7090893512318692,0.7123959420976623
2020-10-22,0.7197522641501015,0.7144450909979317
2020-10-23,0.7247398107012797,0.7102137585571348
2020-10-26,0.6971364809290737,0.7189590468485957
2020-10-27,0.6911169422275967,0.724447269228199
2020-10-28,0.6418436142845032,0.7010958588258035
2020-10-29,0.6554303518798001,0.6928043649792458
2020-10-30,0.6400378576446539,0.6487636244338176
2020-11-02,0.6550003660849457,0.6548700680282785
2020-11-03,0.6828617923046583,0.6422455456819828
2020-11-04,0.7151087587201039,0.6536457231954506
2020-11-05,0.7463238641984931,0.6794230965883236
2020-11-06,0.7455498372824583,0.7108977813543532
2020-11-09,0.7638661561946689,0.7422152992997576
2020-11-10,0.7612863726387848,0.7456218158371201
2020-11-11,0.7739271939706989,0.7620352981878568
2020-11-12,0.7584486238486365,0.7619250927109958
2020-11-13,0.7804626631407043,0.7729319443095571
2020-11-16,0.7997247671030556,0.7608710070298282
2020-11-17,0.7961131226101148,0.7784926844440158
2020-11-18,0.7792586504298151,0.7975833254926518
2020-11-19,0.7880298620345243,0.7969223599380045
2020-11-20,0.7796886362246696,0.7821412314760331
2020-11-23,0.7925874227908478,0.7878623192927329
2020-11-24,0.8171811144255576,0.7813353998862637
2020-11-25,0.8165792392833551,0.7917309239292999
2020-11-27,0.8222546056504094,0.8145283130616038
2020-11-30,0.8095278396448213,0.8169745615726874
2020-12-01,0.829908011644388,0.8222415713492998
2020-12-02,0.8312837824893828,0.8118318333749915
2020-12-03,0.8345515170743856,0.8282441711357246
2020-12-04,0.8508899275729145,0.831582564776676
2020-12-07,0.8490841709330652,0.8348666874348197
2020-12-08,0.8562215152452728,0.8495397305899041
2020-12-09,0.839969049420418,0.8498775616444042
2020-12-10,0.8423768124157118,0.856144459357392
2020-12-11,0.8394529877386472,0.8427910601861698
2020-12-14,0.8348094823086496,0.8431500823601393
2020-12-15,0.8571674315086557,0.8406476618416677
2020-12-16,0.8594891186170333,0.8362729851689162
2020-12-17,0.8724739810701279,0.8551962001691352
2020-12-18,0.8677443997532139,0.8596865376911224
2020-12-21,0.8629288737626262,0.8715929034469166
2020-12-22,0.8632727836705645,0.8690209656107833
2020-12-23,0.8661105324607128,0.8644872488855838
2020-12-24,0.8621549780598337,0.8641962508624025
2020-12-28,0.8726458704174758,0.866632489046521
2020-12-29,0.8656805466658584,0.863501236938034
2020-12-30,0.870152162748508,0.8722399098383536
2020-12-31,0.8778054375292441,0.8673058634346978
2021-01-04,0.853985641597327,0.8705615366055196
2021-01-05,0.8673144139583597,0.8776585210124953
2021-01-06,0.8822770536118938,0.857815536073233
2021-01-07,0.9091924323549812,0.8668505735543318
2021-01-08,0.9174477134911618,0.881073589224641
2021-01-11,0.9072146551545415,0.9063940064179773
2021-01-12,0.9132340626427764,0.9168913933015251
2021-01-13,0.9151258951695418,0.9093374910525719
2021-01-14,0.9134920278770404,0.9136012189256585
2021-01-15,0.8986154641104227,0.9158063189134321
2021-01-19,0.914094034232485,0.914669164873472
2021-01-20,0.9356779565164564,0.9015504669738589
2021-01-21,0.9343881303451353,0.9133361835764792
2021-01-22,0.931550381554987,0.933690603694559
2021-01-25,0.9364519834324911,0.9352186716733616
2021-01-26,0.9301744794967499,0.9329436512969248
2021-01-27,0.8887264468949829,0.9369207486555747
2021-01-28,0.9019691433690993,0.931965855531898
2021-01-29,0.8722160158358636,0.8951826264539376
2021-02-01,0.9006793171977785,0.9019349248783785
2021-02-02,0.9250150435982238,0.8768738972423479
2021-02-03,0.9275946959408659,0.8984243221298892
2021-02-04,0.9494367146723435,0.9224505302565286
2021-02-05,0.9592397872141092,0.9278308149959084
2021-02-08,0.9749763225704358,0.9475754922648761
2021-02-09,0.9756642735995544,0.9586957162251019
2021-02-10,0.9748902466835196,0.9738652183800759
2021-02-11,0.9791038975319051,0.976441950041998
2021-02-12,0.9883050949314685,0.9761029010722378
2021-02-16,0.9851233050201398,0.9797324915063678
2021-02-17,0.9814257158535249,0.9882278004283686
2021-02-18,0.9711926575169048,0.9865608061582046
2021-02-19,0.9752342878047,0.9831197247319196
2021-02-22,0.9583798156244003,0.9737493291689533
2021-02-23,0.9581218503901363,0.9760519533051902
2021-02-24,0.9778140713605841,0.961657046681896
2021-02-25,0.931464436881313,0.9595561558825919
2021-02-26,0.9245850578033694,0.9764515145764486
2021-03-01,0.9687848945216109,0.9382422774161207
2021-03-02,0.9521883875755754,0.9272648041698267
2021-03-03,0.9269928207986635,0.9643709192634796
2021-03-04,0.8997334009343956,0.9547365971854126
2021-03-05,0.9303465000573401,0.9315136498659221
2021-03-08,0.9219193295738115,0.9047203800472058
2021-03-09,0.9485767430826346,0.9279194096783189
2021-03-10,0.9610456750672007,0.92359532293344
2021-03-11,0.9840054994094092,0.94627372560234
2021-03-12,0.9875310680154337,0.9601005751413064
2021-03-15,1.0,0.9819206147679455
2021-03-16,0.9927765798008759,0.9878381071162533
2021-03-17,0.9995700142051456,0.9994806361935046
2021-03-18,0.9668930619948453,0.994699999225468
2021-03-19,0.969128804429549,0.9999999999999999
