,Price,SMA5,SMA10,SMA21,RSI_14,WILLR_14,MACD_SIGNAL,MACD,ROC_14,Aobv,R(t-1),Vol(t-1)
2015-08-31,0.32794373824405765,0.13236819264403307,0.1423751072324505,0.14345401178220085,0.6619036393434302,0.9590397290388744,0.08894472438573456,0.1668898764973365,0.3556143664556269,0.0,0.8811376259398092,0.7552963839016384
2015-09-07,0.24710018063664044,0.18675842739758833,0.1752840208648559,0.1630299684365556,0.6348762333112549,0.3829004051318333,0.12809068338363117,0.23164040727982,0.35742260381915625,0.0,0.21771271373865644,0.754971887247162
2015-09-14,0.23093146241094395,0.2537084108105264,0.21217080477875194,0.18851520731231286,0.6713890933378802,0.42175729923786986,0.17609789933229023,0.2911288624806625,0.33112378910288665,0.0,0.26454545091888365,0.7544542266147436
2015-09-21,0.2544815527292642,0.2987805296988584,0.23141740039551018,0.20541178633881596,0.4518563878756713,0.32039511126076115,0.21993037616789848,0.31047083747383075,0.25777885455099214,0.0,0.13944596841058035,0.7724999695382806
2015-09-28,0.20738137209262372,0.3403193326441819,0.24660911269847796,0.22253127168933984,0.39301390467025754,0.2895622256202608,0.256524458658159,0.31591732789095006,0.24799362209297976,0.0,0.1967714992073722,0.7746993593262921
2015-10-05,0.13954304921856112,0.3269894582621393,0.2766209616748312,0.24111382420563676,0.4284920383610732,0.31720121861672057,0.2883913126015173,0.3251543212179192,0.2611907383614846,0.0,0.2583473643695412,0.7735690703841478
2015-10-12,0.10386642861123482,0.3055962783508809,0.29713443399949035,0.25543596139383973,0.31700900944942745,0.2586305909726071,0.3111829812265415,0.31552445595707523,0.22505750677734268,0.0,0.16797031347663288,0.7823802916935869
2015-10-19,0.09349735749252377,0.2613524816470303,0.311250322065305,0.2641068440489366,0.164067110478061,0.16475163589594533,0.3201008944373663,0.28232223029353465,0.13032472289419264,0.0,0.12093732871989654,0.7946871377884057
2015-10-26,0.10421791374108078,0.22500817648397933,0.31667619313664785,0.2694718826933722,0.08585324238416159,0.10927642450668595,0.31556042539740825,0.24071065927559818,0.09943880313096405,0.0,0.15142408985495362,0.80370835842366
2015-11-02,0.09121264548666094,0.19072653112500507,0.32118779279348864,0.2709520347898371,0.060135620481851726,0.0904252242252378,0.3011279760026101,0.20221680344153994,0.15386634343522868,0.0,0.19850710331484459,0.773493886291964
2015-11-09,0.19226712601699766,0.1537725789897951,0.28992755188503605,0.27242826006573895,0.08207494436920115,0.10254118287912761,0.28178046612164764,0.17441035040154662,0.13980422815446447,0.0,0.2486431880722461,0.7721809122322452
2015-11-16,0.11124780070385856,0.12419221408669398,0.2582385297636196,0.2734236072201949,0.058344280848433905,0.08680263157065049,0.25896910419767133,0.14827265281360477,0.15451614714949718,0.0,0.20300468813699948,0.7673630801885316
2015-11-23,0.1050966517064946,0.13313216595300317,0.23629098179334873,0.2830059025758317,0.2759225480914843,0.19495903015701377,0.24413576154529842,0.16044713108514583,0.2163958784672495,0.0,0.447289853018168,0.8030295575538673
2015-11-30,0.09964850648988774,0.13564957766888244,0.2152616188434084,0.28618063964404983,0.13579272867140035,0.0796167225584462,0.22831998587603644,0.1463716586998326,0.16668530147568766,0.0,0.11317379250212171,0.822023174231918
2015-12-07,0.26801404029818665,0.13848969023491167,0.19571517702078267,0.2838993508255636,0.11216137104314972,0.061846142666197146,0.21135439550910334,0.13099927917648893,0.028957206080506975,0.0,0.20246408079503514,0.24732333599936784
2015-12-14,0.20316344997127664,0.1377416512648529,0.17227675941597553,0.28054760670889667,0.09955499571537962,0.1011444089812652,0.1938164661090804,0.11686551195679934,0.028319962109210978,0.0,0.2144911540827267,0.24722036084675775
2015-12-21,0.11599295890024089,0.1772464143738424,0.17844651816894236,0.2995052290520325,0.39660973766312313,0.7339482060976656,0.1921791005881791,0.16103682978852674,0.086785320936794,0.0,0.5847776664340234,0.4832775684308092
2015-12-28,0.15940243673003682,0.1835082914554548,0.18789712819755822,0.3121276642318499,0.302703765475168,0.5608520795519388,0.19604223990189246,0.17947466036765833,0.09475711953541643,0.0,0.16306668345105096,0.47754818927878834
2016-01-04,0.3140597487847566,0.18517643727798336,0.19049918826436552,0.31896007692289396,0.1492288427594376,0.23376785175539194,0.1946123830834418,0.1633630668863104,0.060873171936053606,0.0,0.09020206694114735,0.5044846928869042
2016-01-11,0.3142354997299459,0.1974942552120504,0.1999225076878391,0.32709220542743755,0.20492925538676643,0.3566585972806988,0.19302877801456195,0.16179580881214184,0.06958984404506746,0.0,0.29545536374230014,0.5097406610670254
2016-01-18,0.23198593456101438,0.24668234898997257,0.23003652024002452,0.3498580736750214,0.4134529148036249,1.0,0.2058797972682256,0.21211514240682705,0.16700288558916287,0.0,0.5050176927486996,0.5961927110359162
2016-01-25,0.1943761038382039,0.26178880777295055,0.2639869983736274,0.3504955429945098,0.4306750656690498,0.8330370458472419,0.22841533438009992,0.25579368420555143,0.23112185009686328,0.0,0.24709001760051127,0.572475225772032
2016-02-01,0.25026359708685186,0.269702540783195,0.27279963291614173,0.34480674226744445,0.29644368389859743,0.552420586148358,0.24825055464017232,0.2622334858862961,0.22059811756503517,0.0,0.13385072906918158,0.5778859507957859
2016-02-08,0.28576448350952144,0.28801445861494146,0.28522075609746045,0.33247628642267335,0.22790474976801367,0.4223598360085036,0.26096822026144595,0.2510043685207214,0.20304060911033717,0.0,0.1655372467456289,0.5844558803950022
2016-02-15,0.20017575094518927,0.3101257839066789,0.3066245231942426,0.33156211212072384,0.29672002325264735,0.5509423213016652,0.27305655623633024,0.25782701358806615,0.23044067952752545,0.0,0.3078573178462912,0.5871847966507648
2016-02-22,0.1875219510600827,0.3059314925243587,0.3345960838269889,0.3363096388930752,0.34811766809031497,0.646885586128165,0.28757532224415855,0.27510670564826895,0.27444626309993997,0.0,0.28372077517656713,0.582651200659192
2016-02-29,0.1356766289875926,0.27999325168144185,0.3278622264395571,0.33197954903737836,0.2211819992949816,0.3894658968283826,0.2950480259120959,0.26034259862578657,0.1337343530984667,0.0,0.12609736522540993,0.5574214635800123
2016-03-07,0.1293497290450393,0.26753000509221114,0.3250339036895652,0.32980904485929785,0.19124231512722056,0.3246728713019176,0.2955076223617601,0.24067320566890893,0.1716425750524921,0.0,0.19751763565366415,0.5362682349657033
2016-03-14,0.08576450027005408,0.25318405506081565,0.32749945011793025,0.32925801524051057,0.11509021923027918,0.154991861687662,0.28628102296259883,0.20647707950145128,0.14522511203398442,0.0,0.14318779556516853,0.5485552248868364
2016-03-21,0.09841826663409534,0.22472917626647496,0.32355581606217676,0.33145218907124374,0.09905733817066398,0.1186307254407869,0.2701114809480374,0.1751537659368489,0.14236807232587587,0.0,0.20721563281604757,0.549258147845384
2016-03-28,0.0695957820443576,0.1772055336466847,0.2914040251550404,0.3309825130287124,0.03747842197575335,0.0134384267912675,0.2460692316675037,0.1355673282961063,0.03647130265808546,0.0,0.14329217924307908,0.36812614274096306
2016-04-04,0.10931457382784168,0.14982834936266046,0.2582591125849337,0.3304255654873196,0.05287261302934909,0.05375044850413202,0.2189158139964103,0.10734005518189824,0.055841725681061924,0.0,0.24684294779769902,0.3642083857873912
2016-04-11,0.0787346133072763,0.12078128675366986,0.2324531555686048,0.32846517660946273,0.012662457321544252,0.009718463383827647,0.18851825591974267,0.0764210617481836,0.07984098775070045,0.0,0.16828091472123072,0.3368272228993973
2016-04-18,0.07170474310503114,0.11206934393735576,0.21811862028789414,0.3209594925822574,0.0854948336779181,0.11686739154679138,0.1610124255342012,0.06505909395440027,0.08510307406620322,0.0,0.31650733393705327,0.34310655099634263
2016-04-25,0.11528997188001636,0.09989608418470378,0.19286108746657588,0.3173657017254481,0.043632638589457984,0.038697260814208434,0.13426899591654193,0.04816908506237261,0.019532187279080973,0.0,0.172232971506184,0.15554961640251247
2016-05-02,0.09806678150424944,0.09557083520543705,0.16062788338321798,0.3140729512110325,0.028502349923374193,0.03721467322184857,0.10857049084170994,0.03282952649682376,0.012452464744317215,0.0,0.20633545067867487,0.14973145502797192
2016-05-09,0.10369067766604553,0.09892904342930911,0.14569586587343086,0.31513382037786186,0.11857473821563569,0.16783993651046814,0.08890698331769964,0.03602056160087429,0.051243451305743815,0.0,0.32979728126317104,0.17635220558109316
2016-05-16,0.10650262574694361,0.10562726275209741,0.1318021295860337,0.3002480102650671,0.09524239608747254,0.1284637154881847,0.07300781788356932,0.03542049136537344,0.06054078543423792,0.0,0.2017145861158175,0.16965412768245575
2016-05-23,0.06994726717420352,0.10501650979717722,0.12600643470937173,0.29003458479478317,0.10500468410307762,0.14156312789113767,0.06089369492141539,0.03757759162877454,0.04527547132289471,0.0,0.23771847684572386,0.14602313020484792
2016-05-30,0.07609841617156751,0.1111733036094589,0.12226614309395634,0.28820927239827787,0.11268952510390629,0.21405715441308237,0.05230349433970714,0.04150214796718514,0.03544540350422032,0.0,0.23522046289970167,0.13142595111200256
2016-06-06,0.13866432801367992,0.11137566054636425,0.11970304065306442,0.2801431620973419,0.039666958048209744,0.07493384006421933,0.04327804896777657,0.03382736374688913,0.0420915365229987,0.0,0.15312265274470277,0.11896993791501026
2016-06-13,0.18049208085783755,0.10262217758313716,0.1163489286094701,0.25837568057668336,0.04675139094356484,0.1113247671049089,0.03495536248109353,0.029898414857976605,0.050536745875543895,0.0,0.2346896925291759,0.11981414184522254
2016-06-20,0.29209138345207475,0.11086293295045177,0.12563612849227268,0.24078485803405347,0.20344638950733562,0.6254867742946957,0.03356499350733927,0.04867395001887059,0.11250928797922274,0.0,0.3757102106077326,0.1723638253348201
2016-06-27,0.0989455194696632,0.12885242120595683,0.1364400686417782,0.23454117048111456,0.304513785121432,0.6812049776378359,0.04127963849001197,0.08013511935127896,0.15077629744923862,0.0,0.31900775642060386,0.18984000515962524
2016-07-04,0.07135324121465256,0.1721374023371313,0.16717682641703718,0.24255497325551745,0.4948974664941995,0.9829201125262262,0.06524992831748942,0.14357317775445513,0.2769488468257417,0.0,0.4199384218942801,0.23597737220175075
2016-07-11,0.062038659006544566,0.18281720931635162,0.1739420049880563,0.22998496914281286,0.15101942276199243,0.24059958118038693,0.08163356880769798,0.13361976372713005,0.1335455142204709,0.0,0.0,0.36389916570629705
2016-07-18,0.05061511573776303,0.18278844194011287,0.1684822919879756,0.20985865874928444,0.08672761220474712,0.06446558477033393,0.08841885050022823,0.11108807208139758,0.12131379793560491,0.0,0.13803226562631443,0.3732881480996599
2016-07-25,0.04797890184152162,0.16563293471690013,0.1629402059942051,0.1957281376748231,0.06749031491515822,0.034592720345459904,0.08772997778015024,0.08928538000381414,0.0850719254344234,0.0,0.19632124354921193,0.36374099920908814
2016-08-01,0.039543057598827425,0.1348997886035503,0.15501778158295942,0.1822863085313473,0.04896522422012883,0.04179710708811113,0.08137816204690397,0.06861033814634421,0.09282372555849455,0.0,0.19687513272878548,0.35959248269151406
2016-08-08,0.0423550056797255,0.0772810651151403,0.14610684002895624,0.17325110947913258,0.0430686475885953,0.027807813805417636,0.07162645012239653,0.051964499705726336,0.09653671085786951,0.0,0.21833041957464763,0.3587231815713369
2016-08-15,0.03866431963341363,0.05840822741768323,0.14101343064145555,0.16445632528215093,0.0289300002943933,0.013936259644727444,0.059639383079830716,0.03704574694397052,0.0639416851043069,0.0,0.2050551807805798,0.3405042323132084
2016-08-22,0.07926184938231151,0.05009069427045257,0.13582473711654086,0.1597767953607877,0.033483593325191685,0.03425164977207218,0.04728179589358217,0.027180218845731532,0.07238149038191774,0.0,0.23383121624538988,0.33964422565668223
2016-08-29,0.04991211195700587,0.04405347182642769,0.12140637704058865,0.15405398701940343,0.02710657563837493,0.021965177909300637,0.03526795382484267,0.019596367134261355,0.0674556905813685,0.0,0.2188562828915098,0.3394317043866178
2016-09-05,0.14692442131118486,0.049881869383555016,0.1059236961558146,0.15435270964959447,0.12623865071927376,0.1632466373525583,0.02807921471294092,0.028230103836223985,0.09415532008451544,0.0,0.3402293638216548,0.36253994616006596
2016-09-12,0.10949032477303097,0.05087861198937013,0.07072317770488862,0.14914262699904424,0.07456354556054623,0.07391981426123417,0.022244670985939574,0.027932304447585904,0.09946863425272996,0.0,0.16863115574138338,0.35848254567813714
2016-09-19,0.05536027393414536,0.0750124758416729,0.07399383064475029,0.15465245439057074,0.27786676484869777,0.4057247920914824,0.026567058121987425,0.0599747339831843,0.17288080127629346,0.0,0.47451499955553955,0.44959175003437285
2016-09-26,0.07293496620029088,0.09237611819201166,0.07961757832982957,0.15851811162396812,0.21770439487612003,0.3064634709101074,0.034725203909294594,0.07672741616506122,0.10376946912956829,0.0,0.175877545602903,0.4289420796656474
2016-10-03,0.07627415035622417,0.09779373576488451,0.07923238494098483,0.15360668815459233,0.10700364578371402,0.10689779262146559,0.039908934143813746,0.07194142811180108,0.0469677134112024,0.0,0.11288322164026136,0.43740233110614063
2016-10-10,0.12267136073317272,0.09690169959547165,0.08230120163372778,0.15091493272172196,0.13317899454049753,0.14926208357648085,0.044333742390187725,0.07293165457727234,0.01946714178497308,0.0,0.25864346397416144,0.37018698698928226
2016-10-17,0.07381370416570468,0.10271654617551138,0.08653580217364853,0.14823646636143484,0.14336849276284036,0.2730007906000045,0.04872229348648596,0.07595662534555814,0.08761646532750686,0.0,0.23918002970632124,0.2777698516045727
2016-10-24,0.1239015838284325,0.09785015774028397,0.09851392645241258,0.14940327990709346,0.245860091799191,0.5452070034854807,0.05741188943375902,0.09441485517508691,0.1556813706498712,0.0,0.3382282553499749,0.2812369732659597
2016-10-31,0.23497363358710174,0.08939301292449511,0.10405088093389064,0.14985718768685496,0.15030148682392352,0.2875755212462011,0.06449247787819046,0.09487432497177439,0.13197753784921856,0.0,0.14027504610077274,0.29793979549754546
2016-11-07,0.08840069740576284,0.10391767985686232,0.11644851773038267,0.15411710195215178,0.24657328888802377,0.5537676817559661,0.07461612035627718,0.11076780040896701,0.18463385316813444,0.0,0.33478365223045714,0.31121649004860386
2016-11-14,0.0652021089778212,0.1415956749685807,0.1393174602558757,0.16302329862816256,0.439215415241376,0.9692195018689422,0.0969263762065962,0.16142016971881662,0.2933612331828847,0.0,0.4570434950618443,0.38432451028167586
2016-11-21,0.056239011899559155,0.1479561691969953,0.14688657567878832,0.15576313517359208,0.18532418351109003,0.3467180128618864,0.11339092074062837,0.15648849856647,0.18165656968622151,0.0,0.033165899058317766,0.4621541813181734
2016-11-28,0.08752195944034905,0.1357071073468721,0.13624631346658111,0.1350501401331864,0.1294942847104974,0.1608172049798492,0.1220895503064614,0.14054571448220096,0.14555903926391595,0.0,0.1516536880695295,0.47613200198327504
2016-12-05,0.04586994078084808,0.13058770196851507,0.12780609999895493,0.12927933017880444,0.11031345186563624,0.07033704337920743,0.12439698951733373,0.12396686521319525,0.1375218572565781,0.0,0.1982696514451529,0.47839050127134325
2016-12-12,0.05377854894850703,0.12194870565177865,0.13146507931886187,0.13014690794225992,0.164817222207584,0.2157365650330466,0.12541784926988117,0.1210260559888208,0.1264232949939733,0.0,0.30488665099092904,0.4699732329950949
2016-12-19,0.04042177880370859,0.07878171466975833,0.1280527031109321,0.12880486308696537,0.10094532672048795,0.05165682881336808,0.12208802556070275,0.10624697077880071,0.1155524558088701,0.0,0.1408470285027994,0.4771794053673796
2016-12-26,0.08611598539990001,0.0668544110371598,0.12459195210769397,0.12895399691545212,0.1091514708076109,0.07138093259536382,0.11666802333366436,0.0964234658938197,0.05925622396270667,0.0,0.23939609932780934,0.3821363631117964
2017-01-02,0.03831281774303505,0.06015315258141443,0.11281099550427126,0.12830192898920445,0.08644027367630924,0.04143320418641583,0.10912274605064892,0.08498489735998216,0.0643179905333397,0.0,0.19486853362764564,0.37956870803235193
2017-01-09,0.03673109275739672,0.06619268418002286,0.11338301576015558,0.1323463214289074,0.1789789529662945,0.24590472223510773,0.10483704317165682,0.09122413451528656,0.1379832093285214,0.0,0.3502127864453717,0.3783081354595564
2017-01-16,0.04217925473453621,0.05576159691305424,0.1015276052184298,0.13238118186991388,0.09847071933342888,0.045748298239821406,0.09893733640312721,0.08241642844219871,0.09200355426997635,0.0,0.12894981590410343,0.39767589694959
2017-01-23,0.02530754948861519,0.05270648117205415,0.07279243744113123,0.13221405460287022,0.08793998041658657,0.027828664683287707,0.09193509804826698,0.07428118946381476,0.08425016412725386,0.0,0.21262308127597074,0.3981657864620582
2017-01-30,0.032161685506203685,0.04981433703682012,0.06357954456008269,0.12892738990575853,0.09940838067727087,0.05013064706839776,0.08520675131208963,0.07026589423417215,0.061061289072929584,0.0,0.24211856198991435,0.37709685452148084
2017-02-06,0.030052724445530143,0.046151141723739936,0.05713621388820461,0.12643935715118537,0.06631622299974149,0.02045665630271909,0.077658407998618,0.06254698132425175,0.07350963952260567,0.0,0.1834952166438892,0.36736555085707806
2017-02-13,0.041300516769122414,0.033718950710008244,0.053162051872235605,0.1160771219033313,0.08024703386142173,0.07610268773726447,0.07065711438478371,0.05911599418209204,0.05285492935364716,0.0,0.2439996993919376,0.3453545860970581
2017-02-20,0.04094903163927646,0.030666905805651484,0.044779914133940724,0.10806842373946324,0.07663609112224079,0.07850541560078172,0.06441551579761813,0.05683288332578029,0.013211603449226353,0.0,0.22381638300522322,0.21698428312429546
2017-02-27,0.03198593456101442,0.031394440642910276,0.04333291328248595,0.10605345491435747,0.10929817166763856,0.2720486472674071,0.06020852455106629,0.05963538652663637,0.06949307756756812,0.0,0.2606535910785931,0.13512743714318615
2017-03-06,0.04428821579520975,0.031189454892628754,0.0414075024088173,0.10303748060556556,0.11151918332507837,0.3290708656355045,0.05778439990179857,0.06299098819314648,0.09293555228739986,0.0,0.23042015509640815,0.11908609500091044
2017-03-13,0.037609830722810544,0.032664581584879726,0.04004723297530716,0.09883964544215407,0.08701186798284022,0.2248805037778493,0.05601317373232484,0.06359003954255213,0.0947224478641722,0.0,0.2039601359705605,0.1181610978072048
2017-03-20,0.06713531909330547,0.035521858461433214,0.03409474003002094,0.09152045027444505,0.12621398275180873,0.36200707242187113,0.056026488980427794,0.0686879318592675,0.08301354385118259,0.0,0.261213155796662,0.10047725137518937
2017-03-27,0.05676624797459437,0.0374900111529978,0.03342091041049011,0.08761920587529726,0.10905343246564747,0.29617560169096724,0.05687548945155779,0.07167599074288988,0.10687247721816494,0.0,0.21327289412298484,0.07449483729652112
2017-04-03,0.06555359410766715,0.04346360504842947,0.03758684035360177,0.08223520733059031,0.2102179679241244,0.6386891580294954,0.06109774598390712,0.0843042274386206,0.12892858428843035,0.0,0.30927097788500607,0.0975627352039638
2017-04-10,0.11985939589174202,0.04758234477453663,0.040019926707894005,0.06599725160806807,0.18415040543149674,0.5029081954223886,0.06673598599991115,0.09236091757069377,0.13456573763146296,0.0,0.2097861208519307,0.0942259169854966
2017-04-17,0.09648505651861108,0.05549504968278493,0.04585611495699038,0.062410970560596746,0.21305634637393223,0.5900441905201972,0.07391277989833439,0.10186385148227357,0.1035901050523616,0.0,0.24890118923312357,0.03710561360467471
2017-04-24,0.0295254716099623,0.07317740722194657,0.05862510977059121,0.06688442890394775,0.38561087104482616,0.9735252071068347,0.08693297716713601,0.12780697156002138,0.1921840171896605,0.0,0.36391396525036557,0.06060468643661476
2017-05-01,0.0251317985434259,0.08806773273272359,0.06910561864304704,0.07086680071945861,0.31640909768587966,0.8055192901640646,0.10143355487206814,0.14236474848236003,0.18247469627163299,0.0,0.192071902664684,0.06738820185794872
2017-05-08,0.02214409951733856,0.08108961528903177,0.06848113060600292,0.06613717037623651,0.09813401408611377,0.20134278768696123,0.10991017388276887,0.13123067975503078,0.11254833580837223,0.0,0.08128149564615533,0.14995580846920614
2017-05-15,0.05096660086760896,0.07333297008425291,0.06621953260238955,0.06385050553727761,0.0683224589405611,0.11090973007080018,0.11325867148042645,0.11899542892718346,0.11747959117781231,0.0,0.1973219291978653,0.14656920532908774
2017-05-22,0.011775045159160114,0.0628651354825717,0.06463107016225195,0.06083923940533309,0.05703496381936446,0.1309881394685739,0.11294417799367812,0.10832667496953782,0.10836336466630385,0.0,0.21639117391732526,0.14660926823862291
2017-05-29,0.010720556248557028,0.04643049016318837,0.06540674272490604,0.06147784924787841,0.1571382931553219,0.36433376952671737,0.11306529071612773,0.10965508707236692,0.13793446204377993,0.0,0.31447759986479734,0.16610153059678523
2017-06-05,0.02741651054928873,0.025877761499954632,0.06188656339635301,0.05498315991018182,0.05138377000533023,0.06474070053791192,0.11020210046444531,0.09910470495480712,0.09236671734105954,0.0,0.13169309650217767,0.19113805957897084
2017-06-12,0.02179261438749261,0.019679455407469904,0.05369509901145064,0.051921199286515174,0.038734053180434214,0.029430172149226497,0.10530398161220049,0.08981076000368446,0.08749275878356907,0.0,0.2139927189496226,0.19148136036631486
2017-06-19,0.015465731205471983,0.019591103745308952,0.04881805386647825,0.0508034072088438,0.09962907247231567,0.18881870758316044,0.10099973420094895,0.08843585328231934,0.1107020850608188,0.0,0.2808766246398142,0.19722916502707194
2017-06-26,0.035852371552515555,0.01950387403571724,0.04225622522240341,0.04889724683615432,0.08682854103973969,0.1565411222854226,0.0970485010356117,0.08662581604736694,0.09676335258597223,0.0,0.21638306460492202,0.19501956953672472
2017-07-03,0.03602810573717222,0.011548532199317896,0.02709355907204125,0.0478447976577458,0.06479568017430892,0.10300865698712869,0.09304448495513919,0.08362107206106656,0.09513161031101602,0.0,0.2080519693332363,0.19548725569075914
2017-07-10,0.006502634127209916,0.016168454814421362,0.017188518228713257,0.04806845552038491,0.14591231384175452,0.26025793623710747,0.09117816307550691,0.08838604756556451,0.09007565430740738,0.0,0.29033465627058386,0.18812457880436306
2017-07-17,0.0038664202309685314,0.022280624367138485,0.017134969221593965,0.048617095663349874,0.15444376768144819,0.2768745019248172,0.09109143539366406,0.09339851846175837,0.09752780357192298,0.0,0.2343698708250376,0.1874753254358253
2017-07-24,0.02021088940185431,0.018190486057915373,0.014537302890567927,0.045601192794235634,0.04799681046816373,0.043239886984383746,0.08957825764306954,0.0882525112177884,0.06695382540966362,0.0,0.14567639254906384,0.20213269019980407
2017-07-31,0.015641465390128645,0.013781904607359785,0.011742365637793628,0.042038861461218824,0.02923934184606225,0.009314112632079041,0.08690069073802226,0.08302371031963077,0.03476454933227145,0.0,0.21057357454087494,0.13956829144620891
2017-08-07,0.1119507877240831,0.014417510825152524,0.007191862729163168,0.040655650351945405,0.10283661605959882,0.18925850826126367,0.08524790126957738,0.08476755575409992,0.05415104497636583,0.0,0.28155641815381227,0.15268267056578066
2017-08-14,0.08998242239140117,0.00995478686631765,0.007289589338409064,0.037995307545264145,0.09095102905244601,0.16667470957935315,0.08420819348432203,0.08577453310062158,0.09680176297154966,0.0,0.21903114248444328,0.08825498391073144
2017-08-21,0.037609830722810544,0.026518305327275643,0.02138651710163708,0.044294362967474354,0.43312846053125853,0.7773361529268688,0.09260314094672022,0.11866058381409723,0.20361429231302525,0.0,0.5299050102067472,0.30764414104302185
2017-08-28,0.017398941320956235,0.046808118029565554,0.03145746355182433,0.04691889451218023,0.38093891692511106,0.6941442137847491,0.10545246806692365,0.14052126961018646,0.19645416415304728,0.0,0.2017332643203088,0.31000505633092823
2017-09-04,0.052372574908057995,0.05632497804218303,0.0346331570011435,0.04548336382706819,0.1883009002061521,0.34241164077802966,0.11560851157053816,0.14008137984279928,0.11283927888630296,0.0,0.11043376798506435,0.3330432004935355
2017-09-11,0.01810192834118074,0.05661643125958202,0.03520948746936281,0.04109746248978169,0.11135532715322127,0.1757467698278623,0.12130283373344126,0.1314184945925704,0.1236524439113987,0.0,0.15921169531569115,0.32350233625980723
2017-09-18,0.007908608167658954,0.06486692530204272,0.03756425267959096,0.034721068107543385,0.21579969072357785,0.3891252171727312,0.1269738548281078,0.13539460944820736,0.16446537411539308,0.0,0.32830627442921173,0.3372714134863663
2017-09-25,0.006502634127209916,0.04465714431315479,0.03529745930022382,0.0271910635453802,0.12270419481858053,0.18488024607218512,0.12953920842491715,0.12836787777054848,0.11296065752222192,0.0,0.14620352720306395,0.3502781329682621
2017-10-02,0.00896308031772941,0.02432922521033759,0.03527376947104527,0.024555918515449637,0.08532706338742102,0.09822505201104559,0.12887178841765237,0.11867425445119387,0.10342111255123347,0.0,0.18814621824083277,0.3535335755151347
2017-10-09,0.008260093297504906,0.015398796589729952,0.035638339708837674,0.022657929938185217,0.07752239258695226,0.08061339615913743,0.1260304924469291,0.11045031260528979,0.10721311311565539,0.0,0.21966578065286596,0.3527205751276519
2017-10-16,0.01458699324005816,0.012646258130407206,0.03410834243362282,0.021311771319368733,0.08599331766619123,0.09505526357318839,0.12224864946169223,0.10507259317466738,0.09124487430756872,0.0,0.23571625014078557,0.34627020031998607
2017-10-23,0.011599294213970823,0.0025052876029490745,0.03293307884598573,0.01741501631430742,0.08435425052147327,0.09183956654963388,0.11810975750041017,0.10110412639420467,0.08903384127921188,0.0,0.226823558762395,0.3462266282050613
2017-10-30,0.0,0.0007371632154197227,0.019269945701290536,0.017285941413537453,0.11152462458685719,0.13304713922052958,0.11463024040013875,0.10050389891835723,0.12394478044830563,0.0,0.24903462906466525,0.3324576678594047
2017-11-06,0.037785581667999835,0.0013922318800744238,0.007039809559167054,0.017350951456149954,0.10235154554517412,0.11742859013862272,0.11162417615218431,0.09971103583653203,0.1276472390049075,0.0,0.22087062150677725,0.33163302763083863
2017-11-13,0.04024604461905196,0.0,0.0006224607530498916,0.014939248262488714,0.056054891224080916,0.017916201745455496,0.10808805111582834,0.0956789260868029,0.0978528446309441,0.0,0.19039947682071628,0.33081413701985624
2017-11-20,0.009314582208107991,0.006317221346714225,0.0028385380395282156,0.016116373663493777,0.2208560224149615,0.2634664464220198,0.10788624490476253,0.10504247018554576,0.1398755416793982,0.0,0.3539944266295163,0.3568490084862533
2017-11-27,0.04024604461905196,0.014088598162838056,0.0013654188399372935,0.018415774661696416,0.2453274314960706,0.35765786021868107,0.11044925954860266,0.1147530475367305,0.06834513507726145,0.0,0.24551448156426736,0.15306130292424308
2017-12-04,0.0077328572224696634,0.013660370824484569,0.0,0.016297783615696837,0.11844817218974113,0.18389703310452055,0.11192590936151224,0.11270803306628094,0.05285480048974589,0.0,0.1444206742471237,0.16794522505812387
2017-12-11,0.004920909141571617,0.02003153321275586,0.004368038206431224,0.016464834017031083,0.23404469496119662,0.45650018041132445,0.11532152846110647,0.12060028591469853,0.11285893940198413,0.0,0.31820055554628945,0.15745448090125969
2017-12-18,0.013356753384265785,0.022379053217028544,0.004961917769060964,0.01658949814114663,0.1191411552545043,0.171698777010589,0.11709608192506923,0.11724299670432473,0.10757352312078533,0.0,0.1450462565082737,0.16387185320517672
2017-12-25,0.03339190860146343,0.015249427882379929,0.004456865824195577,0.016694561863546953,0.09842398218754544,0.11726941806397939,0.11732876001583067,0.11301239174746076,0.07476247392131524,0.0,0.20998720018054715,0.13244886980252069
2018-01-01,0.0014059740404490373,0.00854032967912921,0.00511725879048891,0.016100229248517728,0.1335699158613145,0.19261313417830184,0.11739842015927085,0.1125972229330024,0.10847342669937801,0.0,0.25474398913937085,0.11511832289368323
2018-01-08,0.017926177395991477,0.01328084654090883,0.0077981050726040335,0.01760821493168052,0.2226209617362157,0.39135436330082507,0.11936525767330707,0.11940884001914517,0.14551117931369184,0.0,0.2949911395007748,0.12152618024228318
2018-01-15,0.03743409653815388,0.005045184273675785,0.00663899051376815,0.008004658002899123,0.10315605588789212,0.10493688627042808,0.11974750045890711,0.11516304240723862,0.11519132043957737,0.0,0.14188393817281908,0.14747773207719472
2018-01-22,0.034094895621687965,0.006530034325040235,0.009021482449787677,0.0007203714873339484,0.16180073878043622,0.23508393759930146,0.12045401909854767,0.11659131294314726,0.12792861441354525,0.0,0.27420731600430726,0.1527425078706255
2018-01-29,0.1435852203947189,0.01395182324801117,0.009203113498739368,0.0,0.2462953579481434,0.4340901517843686,0.12332534211420608,0.12481079287936414,0.15172569381453993,0.0,0.29357023133334154,0.1622476085712583
2018-02-05,0.3500878545219288,0.019312252886032,0.008364678813577164,0.0014027889316197695,0.2404339031920898,0.4214387271182902,0.1273580748479986,0.13099712049992965,0.1424343551018129,0.0,0.22468349536413615,0.16233488648680816
2018-02-12,0.18137080206271874,0.044497831156700446,0.026969009630935015,0.009583013504842197,0.5631388416664419,0.9343813042977159,0.14203232551470316,0.17180055731113533,0.26480713329157174,0.0,0.5395858677875531,0.3525711523111808
2018-02-19,0.12917397809985,0.1249876897100198,0.07188769897878566,0.03965401869305207,0.8414293783641013,0.4919359901448471,0.18260533687189565,0.27456993106669403,0.5410782476866877,0.0,0.6383004106592702,0.5468766366024012
2018-02-26,0.1836555308291142,0.16936360978305157,0.10039823251671987,0.057862340674005586,0.45097847227217736,0.29605148358100974,0.22364201935792855,0.30514479699788244,0.2910373892407435,0.0,0.06120434969935404,0.6026804100125476
2018-03-05,0.09666080746380037,0.1941937517519953,0.12044847927147112,0.07044326659994399,0.31973838860643145,0.2078763160416126,0.25655162286497285,0.3054308525646594,0.21816611652206014,0.0,0.12496732896487915,0.6267519879012893
2018-03-12,0.117047447810844,0.23007574991020965,0.1460879008878317,0.08706764251898463,0.3868163437026454,0.2693576985620447,0.28683395539579315,0.31952609988428965,0.31944473744900437,0.0,0.31834697557195296,0.611094220664276
2018-03-19,0.2764499180619461,0.22304384294331417,0.15737360004070144,0.09647280430072142,0.2400724150468848,0.15985089786279938,0.3060135057691117,0.30153991347047254,0.18887088408858643,0.0,0.0940120551885309,0.6438479168117062
2018-03-26,0.19033389914098078,0.170197091757221,0.17455865248417912,0.1064193863928502,0.2589742357111907,0.17636547699842076,0.31803110783572563,0.28968517670918525,0.2464243457382742,0.0,0.25438230056395267,0.6274332781740659
2018-04-02,0.21704743943057767,0.1863668569356983,0.21219844320854125,0.13074032996174817,0.4637887521208931,0.3899446017223024,0.3393325355310906,0.33134146599418235,0.4390199863117286,0.0,0.5504771227745613,0.7077692551850394
2018-04-09,0.1453426963255465,0.20162224569201356,0.23711864984764497,0.14988023725088906,0.34561703210992845,0.29491148351916374,0.3584304101375274,0.3386721158796777,0.3404984856891413,0.0,0.13560830259603102,0.7313729937981976
2018-04-16,0.13602809735690588,0.21057325967882443,0.26499025106367846,0.1675422988079106,0.3694096160245536,0.3213947867583834,0.37651560182965016,0.34867650053752075,0.31785820123950215,0.0,0.25923817826162504,0.7316405561862749
2018-04-23,0.11019331179325545,0.2223368988981396,0.2679318547635119,0.17852036853075626,0.2579861770059223,0.22270672126000124,0.3861004921875354,0.3312714698936079,0.3051510518538474,0.0,0.12547037996701857,0.7367434266174704
2018-04-30,0.0989455194696632,0.2277240565543104,0.23842737131586522,0.19075814902486898,0.23341374048981856,0.17975185652950565,0.3878554345245083,0.3101963356538677,0.26062225882084694,0.0,0.1999438094085795,0.7428210109510445
2018-05-07,0.061687157116165986,0.19102866348508116,0.22566708402066482,0.19811133841479311,0.19100547193558592,0.13194324084776687,0.381565792920273,0.28277465775152855,0.20062754956292872,0.0,0.1775082575656017,0.7509553382597891
2018-05-14,0.07521967820615372,0.16702042084997984,0.22022564609044964,0.20686736204029643,0.16919225187920384,0.09499464816741388,0.36877379616005646,0.2551152890393674,0.18897521425487135,0.0,0.2002523829420954,0.7535845435384334
2018-05-21,0.07170474310503114,0.1299196986435239,0.2027256521282393,0.2127211375899336,0.10903289240136982,0.04038632206921444,0.3485441383535217,0.21948711629891482,0.07024513266126767,0.0,0.14640391613416753,0.6722727059505358
2018-05-28,0.07592266522637822,0.11063250377062281,0.19804843922483079,0.2187435741059256,0.1269401686343974,0.11466803274656356,0.3251776493455766,0.19388615929532055,0.009718195664051438,0.0,0.25245489078910993,0.441643834752701
2018-06-04,0.05342706381866108,0.09436731591279143,0.19128583048429143,0.22270533553484528,0.12258055713430271,0.13194227582308737,0.3004506686295735,0.1723803973889131,0.0458269432714663,0.0,0.22236921336949023,0.40425434258286447
2018-06-11,0.04991211195700587,0.08512188124777023,0.16272552706319737,0.22966068558887687,0.13079806300977737,0.14669253476835054,0.2762053629685198,0.15647070700494117,0.07595566568369203,0.0,0.2378894783961385,0.38834064778722593
2018-06-18,0.08137082720351771,0.07403788937270986,0.14090953212440355,0.23346472227564274,0.08921523346548677,0.06544887425143098,0.2512278742340527,0.13657791677157893,0.042441587068317285,0.0,0.17652138392510178,0.3755456351729464
2018-06-25,0.12214410789760485,0.0703294794898481,0.11553947998767455,0.2349333206200389,0.07836921280000231,0.04413475272420486,0.2263661242432472,0.11918537513313317,0.07565527591389401,0.0,0.21392725260256057,0.34633569632646016
2018-07-02,0.0743409402407399,0.07134757092120794,0.10418201946171246,0.23924492313805068,0.15207920142797382,0.16065100858293968,0.2055649227412685,0.11593551264881952,0.08998542031075074,0.0,0.30961256396842624,0.35755102161025526
2018-07-09,0.05342706381866108,0.0827369839943515,0.10115086799728668,0.2377711456157504,0.24814901588773808,0.3322041880728832,0.19231335044495232,0.1280160452375594,0.04749212249473138,0.0,0.32994213016015783,0.13333776318877083
2018-07-16,0.06537784316247786,0.08348502355840412,0.0958682426215221,0.21330908677741467,0.152938101070628,0.16465053205086366,0.18040130950701166,0.1233441240123386,0.04910634632085159,0.0,0.14170992801448684,0.1304259544490376
2018-07-23,0.06836554218856522,0.0835574084960772,0.08902259244941746,0.19965801275354733,0.10161731865455459,0.09152364400803648,0.16758902412460483,0.11164402313650743,0.029841242528783493,0.0,0.17018036421491725,0.12808773239748866
2018-07-30,0.0439367306653638,0.08702643046615241,0.08887377076374653,0.1927105622805253,0.12482785503740423,0.177219411520401,0.15573547293439807,0.10592799965606148,0.059797125456957145,0.0,0.25280449890724316,0.10869817593143122
2018-08-06,0.07065025419442805,0.0844508699928547,0.08790552986342975,0.18187030521164926,0.1347948696648933,0.2027468831422432,0.14546664838938925,0.10312658008665015,0.0695726750231695,0.0,0.23805507330207037,0.10898727751726228
2018-08-13,0.061511422931509324,0.06669485252835597,0.08394756562667272,0.1761713448582991,0.0795414385507619,0.08157891764323721,0.13454399680692933,0.09347612283304133,0.06746937597730736,0.0,0.17010464601162273,0.11128147137271566
2018-08-20,0.05008786290219516,0.06415050706740197,0.08283084562002924,0.1715278864603319,0.14634695368756867,0.3152921274442231,0.12607802580946767,0.09444612665367563,0.09267012184595957,0.0,0.2937734173850344,0.12679062974477845
2018-08-27,0.06537784316247786,0.06571399136386277,0.083847826026964,0.15212209672162924,0.1294096933398633,0.27531262768599496,0.11904278191629655,0.09351063580689495,0.1152479313610073,0.0,0.2120099481863945,0.10539952987480955
2018-09-03,0.10087872958514746,0.06244260822883954,0.08397069331898421,0.13787529974079626,0.09845462520011161,0.2040736053079686,0.11224880046222219,0.08935551514652873,0.09781505920330953,0.0,0.19836929744507925,0.10643599939690956
2018-09-10,0.0514938369426442,0.06145724989168225,0.08175695606825872,0.12312022010873108,0.1420105084166191,0.2873526191389194,0.10736288821523593,0.09131324544854277,0.11112930861292464,0.0,0.26537506800569954,0.11120688641474119
2018-09-17,0.04463971768558833,0.07410841714445113,0.07858339394156788,0.11777093614204837,0.2484877041989112,0.5047774201044138,0.10743270384788325,0.10549366235232938,0.13748144739947352,0.0,0.3194133614503739,0.13598961960320488
2018-09-24,0.052372574908057995,0.0710444415047076,0.07509683611885298,0.10979782319484921,0.12194734270941487,0.23456975996124996,0.10650453632887921,0.10198639708601961,0.11859964673325278,0.0,0.12995102441729767,0.15864227762214528
2018-10-01,0.0998242406745444,0.06697120617638483,0.07353658449700556,0.1032448085958172,0.09308136420156776,0.1680006782199045,0.10407661837133764,0.095979315512017,0.11358040714839407,0.0,0.19953037924969233,0.16070645333170624
2018-10-08,0.213883989459301,0.06708848951296811,0.07157575680393596,0.0985032063020766,0.11419497041062932,0.2071635086585384,0.10156735322890786,0.09395864868644997,0.09499423318178905,0.0,0.24626762625415555,0.14195790684863074
2018-10-15,0.18892792510053177,0.07481069500453577,0.07576389202745631,0.10140787239805121,0.25568345232135925,0.5869926220876979,0.10368797692091083,0.10867188239171571,0.10122346842746532,0.0,0.3539848727538423,0.15854834399329532
2018-10-22,0.26397186912202886,0.10085427037852698,0.09981947928448559,0.11391841859707214,0.5028466375652306,0.598861035763512,0.11963826997970725,0.159475560875885,0.22624764736507166,0.0,0.485717121759487,0.28319407547298936
2018-10-29,0.1822495567886652,0.13413914962226006,0.11860708541083526,0.12546749285986908,0.4625899449370702,0.5589390489818508,0.14226720302559728,0.19464978796048968,0.2477188112079034,0.0,0.20785870597430242,0.2726628261951548
2018-11-05,0.14446397512066536,0.18645769585974206,0.14860003038303343,0.14317001676712815,0.5790648272330085,0.7775121315638696,0.17471103723709924,0.24576317472442516,0.29652811948185087,0.0,0.3449461485400969,0.28859027466557025
2018-11-12,0.1581722136347771,0.2205934389964265,0.16989430994687238,0.15624449796478246,0.3788931851055336,0.5564312231510046,0.20470635437948542,0.26016351956999945,0.22908737940556073,0.0,0.1293751505776169,0.3213805901436001
2018-11-19,0.21757469226614554,0.23388926864408907,0.1829607149399219,0.1658486493873479,0.2762002822935058,0.4230386158270215,0.22734728900102835,0.2553328622093092,0.22164493281937436,0.0,0.15716225507801684,0.325935842167805
2018-11-26,0.15694199053951732,0.22270472530586347,0.19219821640463391,0.17355149028218086,0.2938989475791506,0.41808249040250633,0.24489168249677334,0.25330712198151456,0.19932466330811707,0.0,0.24518489663997475,0.3225004111390656
2018-12-03,0.24762739995114305,0.22803504374133052,0.21620435248827408,0.18271334719575916,0.4010055539425167,0.6062600775069521,0.26366780804606005,0.2702037084426965,0.25828252377122957,0.0,0.33360161431480106,0.33139065309532884
2018-12-10,0.21950788562109716,0.20459210572816813,0.2341556209574831,0.1908848891956233,0.27617747726991493,0.43527723476462754,0.27694932053866494,0.26400414463831195,0.22751029723627036,0.0,0.1468430379419573,0.3477792185294622
2018-12-17,0.36854130151402076,0.2169585097520155,0.2630648831135717,0.20880308012371274,0.4145872241498626,0.7016973375530525,0.2936694792978658,0.285727891674033,0.28107265160504014,0.0,0.3750365952020754,0.3724183586469992
2018-12-24,0.33743408815788756,0.23495380501697702,0.28251781998840364,0.22413042514246573,0.3706802352997879,0.6397365438378342,0.3095308452473519,0.2945858335834134,0.2186208156379888,0.0,0.2009047955085242,0.3716151632672679
2018-12-31,0.21511421255456079,0.2837864468110739,0.30592273383424784,0.252087538281498,0.5597812633242004,0.9618924995931568,0.3372038146780377,0.3479916879985169,0.40564662981977306,0.0,0.4418996137315377,0.39425366149296753
2019-01-07,0.15905096836072355,0.31534242681128555,0.32885405500020526,0.2806777855589421,0.5229576973655538,0.7361976720312304,0.36886717508278083,0.3819408432081858,0.4147472848046417,0.0,0.21026259998245628,0.39160744889795
2019-01-14,0.15219681558260237,0.3314178818765835,0.32427386872977204,0.29618532633639005,0.2874900180826391,0.46173017718720155,0.3894898696185143,0.3651605108314918,0.2905133247639101,0.0,0.09090495297066031,0.4442130685109961
2019-01-21,0.1455184472707358,0.31314553014957325,0.32060228363411025,0.30628841373448323,0.1825319539252549,0.18855874007762508,0.395322776132906,0.32714720132580083,0.17571169406136933,0.0,0.1311163934212658,0.454975205784974
2019-01-28,0.12302282910248605,0.2963097419841946,0.3213231212031362,0.31627153078575376,0.16263942829241318,0.09061865134747504,0.38980087586047385,0.29083410966819256,0.09015526948423475,0.0,0.20559015742971556,0.35554699459793687
2019-02-04,0.11564147377039494,0.24475674452453408,0.3196319417652902,0.32430554441225545,0.15031433980733444,0.0686849533672087,0.3761871793349766,0.2580569009499651,0.09212892049174055,0.0,0.21434559691707109,0.3550893479984419
2019-02-11,0.1014059656601827,0.1917720082058035,0.3063102013314035,0.32703595996447443,0.11346880820255101,0.004722819280689627,0.3555760786461352,0.22341215724548982,0.05251671368222528,0.0,0.18639826447235003,0.33070824588471764
2019-02-18,0.07680140319179202,0.16437781699698598,0.29927361634707983,0.33295766058099086,0.09789365034149267,0.03081324113448458,0.33032121629585603,0.19216825701525841,0.07482194960644278,0.0,0.20974824701487763,0.3141583714427647
2019-02-25,0.07785587534186247,0.1488231008795827,0.27824414497858474,0.3385371694952656,0.07259203456710406,0.00850808238533296,0.30168980807298745,0.16213071549196856,0.0872819707808918,0.0,0.19809257749037001,0.3061307953196469
2019-03-04,0.12144110411684775,0.1304406007968422,0.25634978547430565,0.341231573202997,0.029117513661079508,0.0,0.2697155527062389,0.1298063322646124,0.06710985192527733,0.0,0.1735725944706801,0.31073130828164597
2019-03-11,0.06572934505285644,0.11351546998704701,0.21377858644416337,0.3395548045511082,0.026610606734957742,0.007099466523595277,0.23693034074929875,0.10412323813152682,0.04333503126950296,0.0,0.22503472546968253,0.2836034507259187
2019-03-18,0.12899822715466072,0.11152361905238997,0.17960096948663506,0.3312395672329155,0.12727309095592343,0.11432296306008471,0.20916857496650984,0.09865716162094756,0.08917562489774822,0.0,0.329357930868496,0.2963198354413464
2019-03-25,0.0803163382929146,0.10015800124320753,0.15550493202511495,0.3195694579190903,0.03326100178914393,0.025967673444686756,0.1811550482509934,0.0779700137709559,0.03030422784980455,0.0,0.12565900175512124,0.2628788546248135
2019-04-01,0.06467485614225335,0.10523474576873923,0.14899103006338887,0.30653621106720574,0.15954763983732956,0.1697425235801553,0.15975732305210733,0.08158091286866742,0.06470927469015436,0.0,0.3681026092237013,0.3111350518163754
2019-04-08,0.05043936479257374,0.10651282430692124,0.13835762415305758,0.29628505249627435,0.08168036485617391,0.07028017865554959,0.1396634649028497,0.07097493759161136,0.008952638541221039,0.0,0.14440133549184112,0.20119638407684343
2019-04-15,0.05184533883302278,0.10368591633582205,0.1260782585301568,0.28825610067809504,0.04733908895911687,0.040431739284362944,0.11965831465183158,0.05696732019728147,0.004512894138251719,0.0,0.18362864903616777,0.2016112542119613
2019-04-22,0.06309313115661502,0.08751856532570876,0.11478912111130907,0.27797769136252437,0.019181421617116667,0.010969782544364426,0.09935725062081428,0.04165206089136732,0.024051869240437285,0.0,0.18901790749248015,0.1683161106142777
2019-04-29,0.06555359410766715,0.08284616536171777,0.10481867267872147,0.2623666198537776,0.018895908863596822,0.09380194880864423,0.0800519465709296,0.03072967244476607,0.045513023347071524,0.0,0.22801811549149847,0.15141182050623614
2019-05-06,0.12126538669272371,0.06764112122369939,0.09852215334420561,0.25257901353991696,0.04889503350466129,0.15060782729843758,0.06359122788235604,0.027106728862169208,0.0574997512485419,0.0,0.25773387526139974,0.1566369765497398
2019-05-13,0.11985939589174202,0.06286513376044259,0.09634758781792963,0.23557393927493964,0.05876689702559179,0.19751298179311538,0.050315543725518316,0.02672496793430082,0.06314863405791887,0.0,0.23726104073267862,0.1577602663962468
2019-05-20,0.11792618577625777,0.07507081977547356,0.10217814768949424,0.22526394441764186,0.20489964825450768,0.40185866417773186,0.04513036412137027,0.046097822075406775,0.11136948526853635,0.0,0.366032885543986,0.20824777831030888
2019-05-27,0.16818978286310962,0.09179165261268699,0.10252223397830651,0.20233383182944098,0.2147013712206628,0.4199212296008905,0.04591255378490734,0.06367062187347268,0.12043150334359545,0.0,0.23648514081830344,0.20702558364580426
2019-06-03,0.12583477718338412,0.10820191968458306,0.10981938256381885,0.18075551424997982,0.21053701575782202,0.4129790265460218,0.050505212014362894,0.07780955504772928,0.1302853192031792,0.0,0.22537069415949912,0.20390736036414814
2019-06-10,0.10790859978739262,0.1333158567598721,0.1159795020656405,0.17452897148688218,0.33424621791247977,0.6382491241758335,0.06209691758662998,0.10602955979499078,0.19128467430018023,0.0,0.328114309316384,0.21206090444050396
2019-06-17,0.11001756084806616,0.14924003267475197,0.12291006166756335,0.170996956969501,0.22952044965241047,0.46965600446351563,0.07423506213975527,0.11624027041813809,0.16323844142734936,0.0,0.16424519571941099,0.22686693033966737
2019-06-24,0.10439366468627007,0.14779102597157964,0.12959722948977154,0.16674918656184512,0.1734305243240638,0.3727612271807659,0.08428580134797134,0.11745290254385868,0.1128146665285548,0.0,0.1872327318723135,0.21159307580675685
2019-07-01,0.0727592152551016,0.1454477076702859,0.13853538315044056,0.16320715203828817,0.17349441544968724,0.3728651625126871,0.09266925235270251,0.11867493021548377,0.15368722921198563,0.0,0.22847483548860142,0.1801198900862232
2019-07-08,0.05711774986497295,0.14219168692112447,0.14671306049718608,0.16122140722107725,0.15764921537015308,0.34759502355823946,0.09919791693015625,0.11804015582804701,0.10472190661172649,0.0,0.21691185696570053,0.12703561594786633
2019-07-15,0.09332160654733448,0.12051439757000212,0.1488495414139292,0.15724726157579438,0.06977683985106209,0.20294847319998244,0.10139437071121035,0.10725311849143243,0.11092607231974241,0.0,0.16125168697041653,0.11864783420298763
2019-07-22,0.05307556192828253,0.10303440179194431,0.14788232576823024,0.15295670782394866,0.02197426712747319,0.11864101278284556,0.09916235112665828,0.09303478832567605,0.11122094884794645,0.0,0.18446231114862732,0.11839655610556976
2019-07-29,0.14885764818720174,0.09807761793272882,0.1439000004350412,0.15399852350316334,0.13495525023367339,0.2732242783624217,0.09756608893679655,0.09370968605002895,0.15552020857477217,0.0,0.3152600997631616,0.13340543092044793
2019-08-05,0.15518451460868973,0.0848514522264043,0.13422082813236336,0.1519138409764298,0.03914795060314291,0.05656045722729797,0.09319238234481789,0.08267237279393876,0.12295114612320421,0.0,0.14676123549337414,0.15722813899163807
2019-08-12,0.16397186074176248,0.09352490845787706,0.13758871697481156,0.15413011111759478,0.28780467079432126,0.4928696355177229,0.09593253513858893,0.10490997114700604,0.19126233890248823,0.0,0.4637061246734228,0.2805871741481155
2019-08-19,0.18857645673121845,0.11281518163731616,0.13610476665226423,0.16223405290945714,0.32173666343844143,0.5032002218352924,0.10452954646345414,0.1277384141318004,0.19998882054721356,0.0,0.25655585990153296,0.2805015629032044
2019-08-26,0.17293495782002458,0.1386012147108849,0.14126842950046015,0.16610273347694982,0.3448676997351038,0.5464421921573935,0.1174103424610159,0.14913510169519076,0.15381506916980311,0.0,0.24652834994236805,0.2476074242363518
2019-09-02,0.10298769064582106,0.16241931298770126,0.15299405329207783,0.1760250716416878,0.40163788131040035,0.6542952307210205,0.13474526404923923,0.17419259344063354,0.16786911983039465,0.0,0.2722809993953423,0.24975274396337221
2019-09-09,0.08084357436794984,0.19155473094757383,0.16288445130998952,0.1865331977021224,0.35918502150157516,0.5988280744773331,0.15280336528192764,0.1891272656518314,0.1602623628684442,0.0,0.20737816009404575,0.2518674051003477
2019-09-16,0.10861158680761715,0.18410602389547384,0.16364584830483614,0.19218451868220476,0.15934571874463088,0.29874584281694505,0.16382799971535716,0.1769310468202948,0.08383109250803411,0.0,0.1105048769395783,0.2658553149626511
2019-09-23,0.1420034954090806,0.1667439559360062,0.16484456693609556,0.19528886937901135,0.09091341209590387,0.1764063035696526,0.1671805329197424,0.15744482683870675,0.08531228673105716,0.0,0.1689193712763851,0.2646241251920642
2019-09-30,0.1388400789588692,0.15267144869803964,0.17212658314030532,0.1996037571603051,0.1586037290120731,0.28156534736835204,0.16782072449984006,0.15016727482347753,0.1153243181731108,0.0,0.28507019740800144,0.26743777051734535
2019-10-07,0.11318101081934281,0.1408843073836167,0.17960593861208124,0.20676377700648252,0.24890506975491367,0.43243421138371374,0.16999566785578357,0.1560938269113184,0.1402345205753116,0.0,0.3028256610647142,0.27712143365043435
2019-10-14,0.08980667144621188,0.1321115419715744,0.19226490807141405,0.20900662150240035,0.24965544106409376,0.4337045195114476,0.173016733067195,0.16065998851142388,0.14485690459823122,0.0,0.2289861769035434,0.27628981329633895
2019-10-21,0.061687157116165986,0.13354441859863173,0.1885250115405343,0.20863465410668403,0.17825551858718047,0.32571586553776877,0.1740163176527398,0.15560853301044839,0.15334314849267197,0.0,0.1809749630315563,0.2703728507812442
2019-10-28,0.05553602487933465,0.13568946978621613,0.17906495960845198,0.20611866498611542,0.11042233499163612,0.21678108404554564,0.17128010436904392,0.14300587032817078,0.14995894110318284,0.0,0.17654848457408667,0.27244686401726964
2019-11-04,0.0514938369426442,0.12539296328790425,0.16391533212661957,0.19648222335314447,0.03577582127839696,0.08776149226962227,0.16349728414187453,0.12306815167721535,0.09715894370680382,0.0,0.1613105298310299,0.27000981802447904
2019-11-11,0.05114235181279825,0.1050407901410346,0.14393509628780948,0.18934975644593288,0.014220738919023201,0.02140444526835128,0.1521064267810754,0.10466036944999071,0.11803080999975048,0.0,0.20599796498607365,0.2555081747655603
2019-11-18,0.056239011899559155,0.08351885468546252,0.1251016121844028,0.18368408545681536,0.0021501862734550903,0.00563837491692909,0.13860963815810007,0.08903445650968717,0.05720584639535533,0.0,0.21584990521653993,0.09657522743666241
2019-11-25,0.06115992104113077,0.06754885054199064,0.11606423098740704,0.17794335213152868,0.0,0.011239696915113173,0.12446626507201608,0.07710877764297927,0.05024448569759378,0.0,0.22626835582938284,0.09066534596100956
2019-12-02,0.0787346133072763,0.05848934394380231,0.11176568099913053,0.17314085274280966,0.019980965186935373,0.042358744736022746,0.11119461071115788,0.07013375350479678,0.04913811143345788,0.0,0.2415552881544154,0.08953932727283892
2019-12-09,0.06133567198632006,0.057494667758144574,0.10474622533536687,0.17165313561873818,0.04238326956562799,0.11528842259932714,0.0997667173804557,0.06724470309907223,0.04277532573945787,0.0,0.24227910440881686,0.07931935566353554
2019-12-16,0.05922671092564649,0.06259144119195106,0.09526231165545884,0.1734156700895768,0.11677732464660273,0.21734744741600376,0.09188839121183107,0.07174983799027125,0.057685348190312125,0.0,0.27377281374940565,0.09283607670008959
2019-12-23,0.07539542915134301,0.06528773997734147,0.08355886785801897,0.17076523037785252,0.06369836440783205,0.13089811181267785,0.08535732298731702,0.07093574383264774,0.08198768981559873,0.0,0.19191832718421187,0.04913843711435892
2019-12-30,0.08576450027005408,0.0673583414442939,0.07491794479695257,0.17105125685194877,0.051349434366374735,0.11088128281997356,0.07984322854515417,0.06990482891459635,0.09769390329998894,0.0,0.21943937827733292,0.035848648733545624
2020-01-06,0.060105448891060315,0.07184688653520463,0.07207628838777436,0.16459994801609434,0.12210995522938983,0.19827225451754593,0.07688623437502681,0.07508820979500018,0.09297697740463846,0.0,0.26825150299948347,0.027550188984797497
2020-01-13,0.05202108977821207,0.0777889826736706,0.07515197992344153,0.1578531943992585,0.1735802829121199,0.26401514185968855,0.0769640049826291,0.08379690706584698,0.08065361041096829,0.0,0.2565611359796251,0.0
2020-01-20,0.09525483342335136,0.07419382180366238,0.07608549619988053,0.14803985819682397,0.07841793685081311,0.14419187809523915,0.0768685237021398,0.08323483730593428,0.06507842624870683,0.0,0.17302539231833758,0.010761403547317777
2020-01-27,0.17047451162950508,0.07176085435484839,0.07624920293403886,0.13504678426611405,0.040331832100558906,0.10842601465900148,0.07589061129748916,0.0800215940926993,0.07097034776754915,0.0,0.20244568962369291,0.004830433546282181
2020-02-03,0.11124780070385856,0.07959035232899195,0.08240385573159625,0.12693851012725588,0.22147997128652153,0.4664926891408878,0.07847869462981971,0.09203449326575563,0.11731208896327282,0.0,0.3379822517359756,0.05604630986778769
2020-02-10,0.07978910221787938,0.1016315193846947,0.09889673724789244,0.1321058907666689,0.4604222561886636,0.8707327722658122,0.09063844465861251,0.12799493329477996,0.20912841800526863,0.0,0.40303816438185813,0.13286202311154682
2020-02-17,0.13954304921856112,0.1094688183697192,0.10746305451066634,0.13528741349414974,0.2753807203248221,0.5365790929285293,0.10357046153165947,0.13941547167496357,0.17573785660962274,0.0,0.14005972921266302,0.16151475663780746
2020-02-24,0.5442882241754761,0.11463340706121147,0.10843872989549785,0.13305328374045267,0.16591818229041178,0.30033544184279815,0.11307863822514214,0.13643066146402935,0.14900537788126575,0.0,0.15544513555279788,0.1801165766182678
2020-03-02,0.5764498761606145,0.1347250323523971,0.11941669113086795,0.13262009693205146,0.3152872241871444,0.6647879521594107,0.1252134074063891,0.15257026814704952,0.19985336106312362,0.0,0.35621089053378974,0.21329512619980862
2020-03-09,0.8557117925850565,0.2371857424730139,0.18798145069033917,0.16833660165607678,0.8004874539554944,0.7431310903149946,0.17615303104015673,0.29952956306630685,0.5509193443774663,0.0,1.0,0.9090105027075197
2020-03-16,0.9999999999999999,0.337978417902849,0.26434428490088546,0.2126506617419467,0.8404704434263622,0.7486056156964755,0.2553087978325405,0.4364101650262839,0.597948768515811,0.0,0.2883108127803268,0.9058782043837279
2020-03-23,0.9912126538669271,0.5143806614110057,0.3788815602457498,0.284487621891895,0.9533680030600075,0.724371854128318,0.374097766744813,0.6340974097176997,0.7775366197484609,0.0,0.4457574973115517,0.9209239808229792
2020-03-30,0.6618628913008225,0.7374404543752564,0.520763148141479,0.37419333462927407,0.9981463573441961,0.7751153120557328,0.5268224798155907,0.839729954325502,0.9774118477479107,0.0,0.32487115993071397,0.9058396068226267
2020-04-06,0.5717047012036995,0.9496720917260495,0.6651929113842223,0.4653956380663802,0.9999999999999999,0.780974042360747,0.6926909190959216,0.9954460442269443,1.0,0.0,0.23223414359961925,0.9035043922024975
2020-04-13,0.5098418434239421,0.9965281312302336,0.7580195295680409,0.5280523208020442,0.5338169547762465,0.5354028193824826,0.8266633565045489,0.9999999999999999,0.6695665981259165,0.0,0.07016650962911916,0.9562972580233768
2020-04-20,0.47082600513961725,1.0,0.8228382793656775,0.5800262672397778,0.4069019887243587,0.4443579790467411,0.9208793480193957,0.9538007099842097,0.5425740980748268,0.0,0.14928326683691895,0.9758097211329892
2020-04-27,0.49297008789642316,0.9229126666804162,0.8845799612011068,0.6250610039735173,0.3360585089005935,0.38936437120342104,0.9767224571403414,0.884192591322558,0.5431637728762845,0.0,0.1735456447681557,0.9756931494628209
2020-05-04,0.33110718821533425,0.7969971542839758,0.9449722150083252,0.6655492666933732,0.2925802239858989,0.3504630875843906,0.999474995704094,0.806057911744709,0.5304762453622186,0.0,0.19067306338792606,0.9778572540326322
2020-05-11,0.399824232294278,0.673280752700347,0.9999999999999999,0.7060005809814659,0.3066957830834923,0.3511041592555211,1.0,0.7430530747845642,0.4496796224095752,0.0,0.2438401261291204,0.9795348348652027
2020-05-18,0.33427063818661096,0.5872692325001937,0.9756579830092623,0.7337073483986186,0.15969780518222654,0.22864898915327936,0.9699162444199234,0.6343309230394749,0.23679052404337336,0.0,0.09222513900864451,1.0
2020-05-25,0.32284709491782937,0.540470631108204,0.9487227994054027,0.7664273607284519,0.2066449234392932,0.2693417281481102,0.92526610140591,0.5609680594138647,0.3280221000731663,0.0,0.2865961111465994,0.9834100961311776
2020-06-01,0.27029876906458206,0.4966403398418656,0.8735512315984689,0.7924250017666016,0.1532131608610311,0.21608091631191595,0.8665207664479766,0.47890107478858973,0.33782837170843893,0.0,0.16812183332735112,0.9807415555466394
2020-06-08,0.4736379532205154,0.45927384018133743,0.772042746933595,0.8158501490469362,0.13782415287884264,0.10921621224677747,0.7988152214123199,0.40508862554846714,0.253011953821208,0.0,0.2093084984459072,0.9805602473579993
2020-06-15,0.4565904802688724,0.40581285552881874,0.6618958436271885,0.8366548714289584,0.08908302319854189,0.01755840372361095,0.7225938748961898,0.32647291239192244,0.046430743762110344,0.0,0.16646840407173305,0.31787237232074067
2020-06-22,0.4497363610118166,0.43254527711023505,0.6250434592323405,0.8758524847320198,0.27588655364571013,0.19435924235226076,0.6619589048704713,0.32769225816166186,0.08538977576763612,0.0,0.48021358275124526,0.42735677934970845
2020-06-29,0.3258347939439167,0.44783924628336247,0.6054577900200755,0.9115134174822336,0.27769009526699173,0.19625244013960852,0.6133160044288504,0.3272113576480236,0.03984374802393556,0.0,0.23033934628344868,0.34110782755534014
2020-07-06,0.31898067468686087,0.4751662891704329,0.5951981189520642,0.9395936360744607,0.2706082467800547,0.22162556324536764,0.5730880296888763,0.32252920252444395,0.021071596311058427,0.0,0.2224533096277486,0.31661594400592596
2020-07-13,0.2906854094116257,0.4784794220204809,0.5740279629800585,0.9612363111317986,0.1444763706207811,0.11100756571252957,0.5278413188923977,0.27596503392027605,0.0,0.0,0.11542096150562682,0.3304448811850235
2020-07-20,0.2934973574925237,0.4896975087212341,0.5477665732230501,0.9844260458523494,0.12648529996683044,0.15944799112091967,0.4792370736354567,0.23174417832693867,0.027214830856064506,0.0,0.2074021836202382,0.29416522915048976
2020-07-27,0.2692442633934463,0.44982895210535745,0.5396001552269513,0.9999999999999999,0.09707010594408172,0.09019727672033462,0.4275715639358776,0.18618589542301767,0.03698868350768664,0.0,0.19373736582927176,0.286750196791593
2020-08-03,0.22970120579461892,0.40946248461208834,0.5240131883640479,0.9793885790854165,0.09696492892457298,0.09135166931405492,0.37606961176347575,0.14993938723983968,0.04946246911135711,0.0,0.22830162495232773,0.28351886872544907
2020-08-10,0.2268892577137209,0.365153060334115,0.513455651870744,0.950300149464654,0.07103560050947699,0.052593020861238404,0.32463944677385637,0.11348238027689841,0.051436616710283684,0.0,0.19880758369648743,0.2827446177126082
2020-08-17,0.23550088642266961,0.3393458178193739,0.499471606983106,0.8922744875713148,0.02638028855844976,0.054326751423585895,0.27171588807148095,0.07149789509907853,0.03585691761934208,0.0,0.17469492393700076,0.2844034236036507
2020-08-24,0.2428822249942281,0.3162338044969536,0.49207743996574127,0.8184752095766924,0.01893970637946374,0.07584508989893046,0.21973787332877553,0.03714176667622293,0.06929498385447969,0.0,0.21877627826649446,0.2500791931839547
2020-08-31,0.37978909383761306,0.3016442389644135,0.45822214024631036,0.7446840781673719,0.031666277337343174,0.0940266753692145,0.17166522432264686,0.014009124085119756,0.058172889701546736,0.0,0.23977771579960935,0.24064633368736932
2020-09-07,0.3115993025942372,0.2889022203105419,0.4252058766436744,0.7005916709136789,0.045419189910635205,0.11267289081301601,0.12927661865964946,0.0,0.07742019192875499,0.0,0.23985642954189215,0.2349798437286943
2020-09-14,0.2933216065473344,0.31241478141203594,0.4122769689199587,0.679399055979019,0.2505951472071616,0.42768952733605214,0.10539897439045809,0.035760690004566456,0.13628644379798177,0.0,0.4179833869585409,0.3104306848192692
2020-09-21,0.30298767388528836,0.3330229634585459,0.40904483855138485,0.6598643639696281,0.17482467923058442,0.3021694866565092,0.08944740689621082,0.0469899404379302,0.13803222449997554,0.0,0.17071948639880563,0.3092378805555612
2020-09-28,0.32495603921797034,0.34988807850572967,0.40516129271687096,0.6423190993793014,0.1431392847170797,0.24820810773558244,0.0772848735027547,0.04912391324113009,0.06437853034571456,0.0,0.2010441518959135,0.16003866106097647
2020-10-05,0.2787346133072762,0.3666270282410803,0.4064975129816837,0.6238658478859567,0.15442591104051362,0.35620782429231346,0.06899560439750997,0.05425909239606193,0.06615268957030086,0.0,0.23739987331333026,0.16065961262610207
2020-10-12,0.3210896189870017,0.3866190882315802,0.41100468863788575,0.621537697644671,0.19017602848978477,0.425977276063608,0.06585521126972656,0.06670186839707465,0.0746849819205713,0.0,0.25559388624320056,0.16426929426145792
2020-10-19,0.3235500651775213,0.365932509187892,0.41276153345357725,0.6106329353514673,0.12299531341179493,0.2905576216462513,0.062265640912979675,0.06286228998908523,0.09528409904646096,0.0,0.17793339741468644,0.13532907589375737
2020-10-26,0.5075571146575466,0.3660551634602687,0.42564939387405964,0.6084152255669193,0.186275007317516,0.407731960115578,0.062302027384032496,0.07322719831641147,0.1167756289625616,0.0,0.2760347880791828,0.141071463952252
2020-11-02,0.2762741671167568,0.37283369934214383,0.4403480808115813,0.6082626245724714,0.19655177979547422,0.42663848056428455,0.06539037320370472,0.08413099513445926,0.13173166436055134,0.0,0.2355561750237565,0.13648501554793635
2020-11-09,0.24534270470581285,0.41928268196589036,0.47963049276912517,0.6291728129169357,0.44722476581654436,0.8565909004448711,0.08741524241036151,0.1538264673745435,0.20836095704348978,0.0,0.44006268088577083,0.2419492361396885
2020-11-16,0.25588752676971316,0.41287989302908623,0.48807861448800516,0.6137897503250084,0.14798306557814456,0.291199340541597,0.10068642047329984,0.1383266759492898,0.1304775781278137,0.0,0.04648653068078451,0.3206421437934566
2020-11-23,0.20562389616179613,0.4047855113876395,0.47018618610876617,0.5936702323343142,0.09130096352215811,0.15454492249562213,0.10315990402039842,0.10930158516878614,0.12702035157481523,0.0,0.16592610324030227,0.3229623115153913
2020-11-30,0.20474517495691494,0.38940670314026826,0.46070180352242585,0.5746268819487167,0.09879229428307945,0.14600055521215516,0.0993694283922048,0.08873865622201774,0.13318786455548948,0.0,0.23591902463971764,0.3222476161882837
2020-12-07,0.24903337399159206,0.36152067765194207,0.4475797868468665,0.5621821520934217,0.042425072381718776,0.06744291871998365,0.0874099537017352,0.05692051576245748,0.10543336080456872,0.0,0.16215430026039662,0.3327524300585359
2020-12-14,0.21845341347102668,0.2910375337682036,0.43263832906496613,0.5509029447002736,0.03593380057967044,0.0528040609945557,0.07059260824259353,0.031080745429456644,0.09919259566562356,0.0,0.2199253529383954,0.3329396577455032
2020-12-21,0.21775044321133483,0.27811927302106854,0.4206268989579732,0.5461380053943539,0.10403550362452973,0.16531843301870308,0.05583131227933828,0.026420812480661554,0.07010561207715693,0.0,0.29469267201291843,0.26757669768074177
2020-12-28,0.23919155570844883,0.27085003063069124,0.4110757048320264,0.5390584339140376,0.07012756981386625,0.09753939849978388,0.04094015801393108,0.015435463239553332,0.07636044783412133,0.0,0.19239871193624414,0.26353951043169016
2021-01-04,0.21827766252583738,0.26160959399621664,0.3957705146884991,0.5338318830221348,0.06579855817456859,0.08917229617291555,0.026713716245115343,0.0071895715223781465,0.08280139581907307,0.0,0.22370248907886986,0.26224650336765026
2021-01-11,0.26713531909330546,0.26822958232275784,0.38254993282571237,0.5341631292293482,0.10306818914083371,0.14351967622346984,0.01588955864994976,0.00917482796299518,0.08890546239644151,0.0,0.25935601731998686,0.2643593799849614
2021-01-18,0.2244288115232014,0.27189943262722926,0.341013721327201,0.5334356846518806,0.07472010110804961,0.09497789845708082,0.006351690367528029,0.006043508999518027,0.07395407806817313,0.0,0.20212802211550535,0.2635944894280185
2021-01-25,0.4209138764220788,0.27630668641328915,0.33572263378664857,0.5361552854248276,0.1606210673326406,0.21596649476741325,0.002788671665809428,0.02054018103192226,0.1086547965962118,0.0,0.296912231393965,0.26856443366793237
2021-02-01,0.206151148997364,0.2780707576834277,0.33230020181636344,0.5347909555122187,0.0992536764326234,0.11781206600572636,0.0,0.020760247809463075,0.07929376454709447,0.0,0.17844465935806253,0.2692112870759446
2021-02-08,0.19033389914098078,0.32371977364657756,0.3549345365474006,0.5382859269360997,0.38240806213345324,0.6137697646877581,0.015930688516507058,0.0854923039610253,0.15245770553582233,0.0,0.5033712746090985,0.4063948863048546
2021-02-15,0.2268892577137209,0.32074093079246024,0.35719814877690426,0.5293241420179858,0.11823519683799422,0.12289785942375464,0.025046116674100838,0.07255730720053949,0.033393580049765045,0.0,0.035276837516538734,0.395794753688592
2021-02-22,0.33057996890083163,0.3141974434705471,0.3554116780233737,0.5193739628509333,0.08004403987470898,0.023724264298896403,0.026513094585012026,0.051794417770699944,0.07119409998158038,0.0,0.17842272308322712,0.3449542653239355
2021-03-01,0.2727592152551016,0.3045551388447688,0.3521571733097867,0.5116996364992844,0.12507191347219337,0.12667635830457036,0.02645888478819214,0.04741829475871903,0.10472200081602213,0.0,0.2803556149302871,0.3424372945376574
2021-03-08,0.20298769902608735,0.3273841198723464,0.3674460801561462,0.5114530226025245,0.2575271562889133,0.4582915125833209,0.035582778856530384,0.0800924461464137,0.15078740955078618,0.0,0.38264437749513514,0.38030671281270595
2021-03-15,0.207557123037813,0.2964286419349007,0.3765806979904398,0.5109021596134359,0.19784102846123341,0.30816383439098205,0.04589177028825181,0.09082031133427476,0.1558679821686177,0.0,0.1736908945378554,0.37721646718420826
2021-03-22,0.17117748188919693,0.29272505724986186,0.3724263941278324,0.5004328781851006,0.11041291392647845,0.07661201668500128,0.04981753428926196,0.07541778094676638,0.12103789559378503,0.0,0.1342950344710312,0.39630788492680763
